data;tipo;detalhes;longitude;latitude
2/24/2014;Colisoes;Moto;-34.925988;-8.029113
2/28/2014;Colisoes;Moto;-34.903339;-8.020438
3/1/2014;Ciclistas;Ciclista;-34.949516;-8.034818
3/1/2014;Atropelamentos;Pedestre;-34.924636;-8.011427
3/2/2014;Atropelamentos;Pedestre;-34.941486;-8.016449
3/3/2014;Atropelamentos;Pedestre;-34.895518;-8.115814
3/4/2014;Ciclistas;Ciclista;-34.895561;-8.115803
3/4/2014;Atropelamentos;Pedestre;-34.932779;-8.069481
3/4/2014;Atropelamentos;Pedestre;-34.876217;-8.061715
3/5/2014;Atropelamentos;Pedestre;-34.886355;-8.021134
3/6/2014;Atropelamentos;Pedestre;-34.911858;-8.095959
3/6/2014;Atropelamentos;Pedestre;-34.879929;-8.056723
3/7/2014;Atropelamentos;Pedestre;-34.917791;-8.026011
3/7/2014;Atropelamentos;Pedestre;-34.878695;-8.039858
3/7/2014;Atropelamentos;Pedestre;-34.949956;-8.034456
3/7/2014;Atropelamentos;Pedestre;-34.89908;-8.078228
3/9/2014;Ciclistas;Ciclista;-34.882665;-8.066262
3/10/2014;Atropelamentos;Pedestre;-34.890389;-8.019902
3/10/2014;Atropelamentos;Pedestre;-34.918655;-8.02311
3/10/2014;Atropelamentos;Pedestre;-34.928455;-8.097728
3/11/2014;Atropelamentos;Pedestre;-34.932878;-8.082605
3/12/2014;Atropelamentos;Pedestre;-34.873803;-8.049945
3/13/2014;Atropelamentos;Pedestre;-34.879913;-8.055097
3/14/2014;Atropelamentos;Pedestre;-34.890121;-8.108453
3/14/2014;Atropelamentos;Pedestre;-34.899992;-8.132221
3/15/2014;Atropelamentos;Pedestre;-34.924003;-8.04236
3/15/2014;Atropelamentos;Pedestre;-34.937929;-8.08602
3/16/2014;Ciclistas;Ciclista;-34.881871;-8.024194
3/16/2014;Atropelamentos;Pedestre;-34.917952;-8.00336
3/16/2014;Atropelamentos;Pedestre;-34.931467;-8.013851
3/16/2014;Atropelamentos;Acidente com animal;-34.914851;-8.013846
3/17/2014;Atropelamentos;Acidente com animal;-34.90026;-8.077819
3/18/2014;Atropelamentos;Pedestre;-34.916289;-8.062416
3/19/2014;Atropelamentos;Pedestre;-34.926068;-8.018478
3/20/2014;Atropelamentos;Pedestre;-34.930183;-8.016332
3/21/2014;Ciclistas;Ciclista;-34.921288;-8.106403
3/21/2014;Atropelamentos;Pedestre;-34.88017;-8.036257
3/22/2014;Ciclistas;Ciclista;-34.891752;-8.04739
3/22/2014;Atropelamentos;Pedestre;-34.917971;-8.037943
3/23/2014;Ciclistas;Ciclista;-34.929882;-8.088378
3/23/2014;Atropelamentos;Pedestre;-34.92584;-8.029315
3/23/2014;Atropelamentos;Pedestre;-34.888351;-8.020715
3/25/2014;Ciclistas;Ciclista;-34.911847;-8.108846
3/25/2014;Atropelamentos;Pedestre;-34.908669;-8.041027
3/26/2014;Atropelamentos;Pedestre;-34.882177;-8.059925
3/28/2014;Ciclistas;Ciclista;-34.874886;-8.044623
3/28/2014;Atropelamentos;Pedestre;-34.915473;-8.022048
3/28/2014;Atropelamentos;Pedestre;-34.882304;-8.043935
3/28/2014;Atropelamentos;Pedestre;-34.907518;-8.087029
3/28/2014;Atropelamentos;Pedestre;-34.906896;-8.080268
3/29/2014;Atropelamentos;Pedestre;-34.933739;-8.089392
3/30/2014;Atropelamentos;Pedestre;-34.905404;-8.061264
3/30/2014;Atropelamentos;Pedestre;-34.893707;-8.059283
3/30/2014;Atropelamentos;Pedestre;-34.914556;-8.139169
3/30/2014;Atropelamentos;Pedestre;-34.907244;-8.058922
3/31/2014;Atropelamentos;Pedestre;-34.878411;-8.064084
3/31/2014;Atropelamentos;Pedestre;-34.876195;-8.065274
4/1/2014;Atropelamentos;Pedestre;-34.886001;-8.096546
4/1/2014;Colisoes;Moto;-34.9007;-8.067484
4/1/2014;Colisoes;Moto;-34.937038;-8.110567
4/1/2014;Colisoes;Caminhão;-34.908248;-8.061758
4/1/2014;Colisoes;Moto;-34.919336;-8.037431
4/1/2014;Colisoes;Moto;-34.892364;-8.110522
4/1/2014;Colisoes;Moto;-34.956468;-8.090661
4/2/2014;Atropelamentos;Pedestre;-34.910265;-8.013934
4/2/2014;Colisoes;Taxi;-34.895673;-8.03111
4/2/2014;Colisoes;Onibus;-34.909444;-8.006314
4/2/2014;Colisoes;Taxi;-34.939989;-8.04713
4/2/2014;Colisoes;Moto;-34.887916;-8.043712
4/2/2014;Colisoes;Moto;-34.923193;-8.067245
4/2/2014;Colisoes;Moto;-34.936352;-8.109961
4/3/2014;Colisoes;Moto;-34.88627;-8.043757
4/3/2014;Colisoes;Moto;-34.887922;-8.062007
4/3/2014;Colisoes;Moto;-34.908907;-8.109489
4/4/2014;Atropelamentos;Pedestre;-34.942607;-8.11866
4/4/2014;Colisoes;Moto;-34.897535;-8.119117
4/4/2014;Colisoes;Moto;-34.961361;-8.034881
4/4/2014;Colisoes;Moto;-34.893833;-8.118119
4/4/2014;Colisoes;Moto;-34.897825;-8.026388
4/4/2014;Colisoes;Moto;-34.911665;-8.062533
4/5/2014;Colisoes;Moto;-34.909798;-8.119839
4/5/2014;Colisoes;Taxi;-34.989964;-8.036135
4/5/2014;Colisoes;Ciclomotor;-34.888834;-8.018287
4/5/2014;Colisoes;Moto;-34.948443;-8.13327
4/5/2014;Colisoes;Taxi;-34.894187;-8.072752
4/6/2014;Atropelamentos;Pedestre;-34.910785;-8.10327
4/6/2014;Atropelamentos;Pedestre;-34.929936;-8.074165
4/6/2014;Colisoes;Moto;-34.893512;-8.112447
4/6/2014;Colisoes;Moto;-34.914025;-8.001203
4/7/2014;Atropelamentos;Pedestre;-34.897229;-8.114847
4/7/2014;Colisoes;Moto;-34.879253;-8.039694
4/7/2014;Colisoes;Moto;-34.902599;-8.042296
4/7/2014;Colisoes;Moto;-34.889166;-8.060048
4/7/2014;Colisoes;Ciclomotor;-34.928316;-8.067622
4/7/2014;Colisoes;Ciclomotor;-34.913435;-8.116886
4/7/2014;Colisoes;Moto;-34.938511;-8.036079
4/7/2014;Colisoes;Moto;-34.893631;-8.06309
4/7/2014;Colisoes;Moto;-34.88134;-8.03214
4/7/2014;Colisoes;Moto;-34.93854;-8.040809
4/8/2014;Atropelamentos;Pedestre;-34.911429;-8.067473
4/8/2014;Atropelamentos;Pedestre;-34.904986;-8.031423
4/8/2014;Atropelamentos;Pedestre;-34.893678;-8.02421
4/8/2014;Colisoes;Moto;-34.888785;-8.06128
4/8/2014;Colisoes;Moto;-34.910066;-8.099541
4/8/2014;Colisoes;Moto;-34.911144;-8.141129
4/8/2014;Colisoes;Moto;-34.89342;-8.079556
4/8/2014;Colisoes;Moto;-34.909599;-8.086083
4/8/2014;Colisoes;Onibus;-34.889826;-8.105723
4/9/2014;Colisoes;Moto;-34.943985;-8.04466
4/9/2014;Colisoes;Moto;-34.935826;-8.020736
4/10/2014;Atropelamentos;Pedestre;-34.908854;-8.092273
4/10/2014;Atropelamentos;Pedestre;-34.879293;-8.038711
4/10/2014;Atropelamentos;Pedestre;-34.880902;-8.052949
4/10/2014;Colisoes;Taxi;-34.935172;-8.063702
4/10/2014;Colisoes;Moto;-34.938806;-8.008895
4/10/2014;Colisoes;Moto;-34.896427;-8.033665
4/11/2014;Ciclistas;Ciclista;-34.887428;-8.043454
4/11/2014;Atropelamentos;Pedestre;-34.891366;-8.08534
4/11/2014;Atropelamentos;Pedestre;-34.915063;-8.124651
4/11/2014;Colisoes;Moto;-34.904873;-8.049945
4/11/2014;Colisoes;Moto;-34.931417;-8.087124
4/11/2014;Colisoes;Moto;-34.897669;-8.06367
4/11/2014;Colisoes;Moto;-34.886664;-8.085499
4/11/2014;Colisoes;Moto;-34.8851;-8.088965
4/11/2014;Colisoes;Moto;-34.917855;-8.016662
4/11/2014;Colisoes;Moto;-34.975491;-8.036645
4/11/2014;Colisoes;Moto;-34.924196;-8.060834
4/11/2014;Colisoes;Moto;-34.904235;-8.039582
4/12/2014;Colisoes;Moto;-34.912984;-8.032194
4/12/2014;Colisoes;Moto;-34.897723;-8.069831
4/12/2014;Colisoes;Moto;-34.913537;-8.134788
4/12/2014;Colisoes;Moto;-34.919422;-8.05668
4/12/2014;Colisoes;Moto;-34.927812;-8.084554
4/12/2014;Colisoes;Moto;-34.918199;-8.109855
4/12/2014;Colisoes;Moto;-34.89952;-8.129834
4/13/2014;Atropelamentos;Pedestre;-34.91322;-8.010106
4/13/2014;Atropelamentos;Pedestre;-34.920245;-8.080908
4/13/2014;Colisoes;Moto;-34.892642;-8.056701
4/13/2014;Colisoes;Moto;-34.883968;-8.022271
4/13/2014;Colisoes;Moto;-34.888185;-8.10421
4/13/2014;Colisoes;Taxi;-34.930365;-8.140826
4/13/2014;Colisoes;Moto;-34.892567;-8.030133
4/13/2014;Colisoes;Moto;-34.912105;-8.053962
4/13/2014;Colisoes;Onibus;-34.89098;-8.086923
4/13/2014;Colisoes;Moto;-34.905775;-8.053201
4/14/2014;Atropelamentos;Pedestre;-34.905831;-8.080491
4/14/2014;Colisoes;Moto;-34.90402;-8.055676
4/14/2014;Colisoes;Moto;-34.904552;-8.00021
4/15/2014;Ciclistas;Ciclista;-34.93691;-8.12515
4/15/2014;Ciclistas;Ciclista;-34.918756;-8.047109
4/15/2014;Atropelamentos;Pedestre;-34.882659;-8.061418
4/15/2014;Atropelamentos;Pedestre;-34.889976;-8.045266
4/15/2014;Colisoes;Moto;-34.956983;-8.090821
4/15/2014;Colisoes;Onibus;-34.918832;-8.148091
4/15/2014;Colisoes;Ciclomotor;-34.897261;-8.062438
4/15/2014;Colisoes;Moto;-34.916916;-8.028029
4/15/2014;Colisoes;Moto;-34.910227;-8.004986
4/15/2014;Colisoes;Moto;-34.895571;-8.121018
4/16/2014;Atropelamentos;Pedestre;-34.889274;-8.039303
4/16/2014;Colisoes;Moto;-34.881664;-8.049459
4/17/2014;Atropelamentos;Pedestre;-34.89224;-8.039619
4/17/2014;Colisoes;Moto;-34.914647;-8.097491
4/17/2014;Colisoes;Moto;-34.911375;-8.10686
4/18/2014;Atropelamentos;Pedestre;-34.931427;-7.989006
4/18/2014;Colisoes;Moto;-34.89054;-8.112808
4/18/2014;Colisoes;Moto;-34.942102;-8.118097
4/18/2014;Colisoes;Ciclomotor;-34.886886;-8.006797
4/19/2014;Atropelamentos;Pedestre;-34.899799;-8.123594
4/19/2014;Colisoes;Moto;-34.927447;-8.054237
4/19/2014;Colisoes;Moto;-34.948846;-8.083741
4/19/2014;Colisoes;Moto;-34.946319;-8.092828
4/19/2014;Colisoes;Moto;-34.900357;-8.038355
4/19/2014;Colisoes;Moto;-34.982915;-8.069725
4/19/2014;Colisoes;Moto;-34.900399;-8.029612
4/19/2014;Colisoes;Moto;-34.88054;-8.054566
4/19/2014;Colisoes;Moto;-34.910216;-8.09883
4/20/2014;Colisoes;Moto;-34.889043;-8.009315
4/20/2014;Colisoes;Moto;-34.884945;-8.087162
4/21/2014;Atropelamentos;Pedestre;-34.89555;-8.115739
4/21/2014;Colisoes;Taxi;-34.931878;-7.986642
4/21/2014;Colisoes;Taxi;-34.902143;-8.031105
4/21/2014;Colisoes;Taxi;-34.910538;-8.135473
4/21/2014;Colisoes;Moto;-34.897666;-8.002842
4/21/2014;Colisoes;Taxi;-34.929786;-8.089344
4/21/2014;Colisoes;Moto;-34.954886;-8.03163
4/22/2014;Colisoes;Ônibus;-34.897036;-8.045441
4/22/2014;Colisoes;Ciclomotor;-34.931138;-8.022499
4/22/2014;Colisoes;Moto;-34.904197;-8.046864
4/22/2014;Colisoes;Moto;-34.924534;-8.115336
4/23/2014;Colisoes;Ciclomotor;-34.905185;-8.081282
4/24/2014;Colisoes;Moto;-34.88318;-8.095856
4/24/2014;Colisoes;Moto;-34.907641;-8.087485
4/24/2014;Colisoes;Moto;-34.89378;-8.023918
4/24/2014;Colisoes;Moto;-34.911268;-8.141039
4/24/2014;Colisoes;Moto;-34.920688;-8.0809
4/24/2014;Colisoes;Moto;-34.915044;-8.04032
4/24/2014;Colisoes;Ciclomotor;-34.916096;-8.07561
4/24/2014;Colisoes;Onibus;-34.916643;-8.021564
4/24/2014;Colisoes;Moto;-34.908521;-8.1243
4/25/2014;Ciclistas;Ciclista;-34.914701;-8.080666
4/25/2014;Ciclistas;Acidente com morte;-34.889553;-8.084224
4/25/2014;Colisoes;Moto;-34.904321;-8.080374
4/25/2014;Colisoes;Moto;-34.943111;-8.093062
4/25/2014;Colisoes;Taxi;-34.943208;-8.077169
4/25/2014;Colisoes;Moto;-34.890516;-8.036942
4/25/2014;Colisoes;Moto;-34.906767;-8.080278
4/26/2014;Colisoes;Moto;-34.958306;-8.029761
4/26/2014;Colisoes;Moto;-34.912244;-8.109961
4/26/2014;Colisoes;Moto;-34.959408;-8.115251
4/26/2014;Colisoes;Moto;-34.914063;-8.119914
4/26/2014;Colisoes;Taxi;-34.935772;-8.109547
4/26/2014;Colisoes;Ciclomotor;-34.917466;-8.109271
4/26/2014;Colisoes;Taxi;-34.934737;-8.052272
4/26/2014;Colisoes;Moto;-34.89363;-8.024465
4/27/2014;Colisoes;Moto;-34.949398;-8.08407
4/27/2014;Colisoes;Moto;-34.880508;-8.035381
4/27/2014;Colisoes;Taxi;-34.910613;-8.09098
4/27/2014;Colisoes;Ciclomotor;-34.894799;-8.069693
4/27/2014;Colisoes;Taxi;-34.879532;-8.039816
4/27/2014;Colisoes;Moto;-34.935783;-8.091384
4/27/2014;Colisoes;Moto;-34.923128;-8.073836
4/28/2014;Ciclistas;Ciclista;-34.87157;-8.063261
4/28/2014;Colisoes;Onibus;-34.957981;-8.040618
4/28/2014;Colisoes;Moto;-34.930344;-7.98941
4/28/2014;Colisoes;Moto;-34.924518;-8.10755
4/28/2014;Colisoes;Moto;-34.908864;-8.034297
4/28/2014;Colisoes;Moto;-34.919738;-8.032502
4/28/2014;Colisoes;Taxi;-34.918346;-8.027102
4/28/2014;Colisoes;Moto;-34.895947;-8.076454
4/28/2014;Colisoes;Moto;-34.878733;-8.039885
4/28/2014;Colisoes;Moto;-34.905742;-8.026011
4/28/2014;Colisoes;Moto;-34.892042;-8.071552
4/28/2014;Colisoes;Moto;-34.883856;-8.070946
4/28/2014;Colisoes;Moto;-34.884167;-8.022207
4/29/2014;Colisoes;Moto;-34.880186;-8.053971
4/29/2014;Colisoes;Moto;-34.907247;-8.058916
4/29/2014;Colisoes;Ciclomotor;-34.90457;-8.053801
4/29/2014;Colisoes;Taxi;-34.885218;-8.073321
4/29/2014;Colisoes;Moto;-34.911547;-8.02413
4/29/2014;Colisoes;Moto;-34.880401;-8.05429
4/30/2014;Colisoes;Moto;-34.890132;-8.033166
4/30/2014;Colisoes;Ciclomotor;-34.913124;-8.076406
4/30/2014;Colisoes;Moto;-34.916439;-8.133647
4/30/2014;Colisoes;Moto;-34.876335;-8.071164
4/30/2014;Colisoes;Moto;-34.928606;-8.084787
5/1/2014;Atropelamentos;Pedestre;-34.891436;-8.074967
5/1/2014;Colisoes;Ciclomotor;-34.9191;-8.065168
5/1/2014;Colisoes;Moto;-34.940536;-8.115729
5/1/2014;Colisoes;Moto;-34.924132;-7.998749
5/2/2014;Atropelamentos;Acidente com animal;-34.925666;-8.140508
5/2/2014;Colisoes;Moto;-34.8904;-8.036894
5/2/2014;Colisoes;Moto;-34.92669;-8.07263
5/2/2014;Colisoes;Táxi;-34.895968;-8.070596
5/2/2014;Colisoes;Caminhão;-34.885942;-8.095617
5/2/2014;Colisoes;Moto;-34.901376;-8.064817
5/2/2014;Colisoes;Moto;-34.914835;-8.013379
5/2/2014;Colisoes;Moto;-34.940976;-8.0188
5/2/2014;Colisoes;Moto;-34.93706;-8.041627
5/3/2014;Colisoes;Moto;-34.889681;-8.10541
5/3/2014;Colisoes;Moto;-34.888249;-8.04432
5/3/2014;Colisoes;Moto;-34.918692;-8.077224
5/3/2014;Colisoes;Táxi;-34.962852;-8.036884
5/3/2014;Colisoes;Moto;-34.950106;-8.034329
5/3/2014;Colisoes;Moto;-34.904755;-8.141113
5/3/2014;Colisoes;Ônibus;-34.938991;-8.092627
5/3/2014;Colisoes;Moto;-34.901204;-8.130503
5/4/2014;Ciclistas;Ciclista;-34.910817;-8.055984
5/4/2014;Colisoes;Táxi;-34.886795;-8.060781
5/4/2014;Colisoes;Moto;-34.911633;-8.025809
5/5/2014;Atropelamentos;Pedestre;-34.937924;-8.053408
5/5/2014;Colisoes;Moto;-34.910696;-8.0477
5/5/2014;Colisoes;Moto;-34.875441;-8.069536
5/5/2014;Colisoes;Moto;-34.926422;-8.112048
5/5/2014;Colisoes;Moto;-34.893101;-8.026863
5/5/2014;Colisoes;Moto;-34.878505;-8.071826
5/5/2014;Colisoes;Moto;-34.912249;-8.106244
5/6/2014;Atropelamentos;Pedestre;-34.916192;-8.131475
5/6/2014;Atropelamentos;Pedestre;-34.914024;-8.03657
5/6/2014;Colisoes;Moto;-34.916965;-8.037914
5/6/2014;Colisoes;Ciclomotor;-34.91299;-8.114613
5/6/2014;Colisoes;Moto;-34.892251;-8.078329
5/6/2014;Colisoes;Moto;-34.907368;-8.075684
5/6/2014;Colisoes;Moto;-34.895496;-8.066586
5/6/2014;Colisoes;Moto;-34.914266;-8.107141
5/6/2014;Colisoes;Moto;-34.898103;-8.056569
5/6/2014;Colisoes;Ciclomotor;-34.901011;-8.030058
5/6/2014;Colisoes;Moto;-34.895735;-8.065193
5/7/2014;Colisoes;Moto;-34.905831;-8.077798
5/7/2014;Colisoes;Moto;-34.957922;-8.029872
5/7/2014;Colisoes;Moto;-34.888064;-8.072981
5/7/2014;Colisoes;Moto;-34.934759;-8.05174
5/7/2014;Colisoes;Moto;-34.897143;-8.023546
5/7/2014;Colisoes;Moto;-34.886484;-8.0214
5/8/2014;Atropelamentos;Pedestre;-34.93059;-8.070224
5/8/2014;Colisoes;Moto;-34.906799;-8.035821
5/8/2014;Colisoes;Ciclomotor;-34.919913;-8.080926
5/9/2014;Ciclistas;Ciclista;-34.951367;-8.033585
5/9/2014;Atropelamentos;Pedestre;-34.906147;-8.080231
5/9/2014;Colisoes;Moto;-34.885175;-8.033426
5/9/2014;Colisoes;Ciclomotor;-34.904063;-8.027153
5/9/2014;Colisoes;Moto;-34.918166;-8.065455
5/9/2014;Colisoes;Moto;-34.913843;-8.058274
5/9/2014;Colisoes;Moto;-34.932125;-8.051709
5/9/2014;Colisoes;Moto;-34.932586;-8.088261
5/9/2014;Colisoes;Ônibus;-34.892948;-8.048681
5/9/2014;Colisoes;Moto;-34.904552;-8.02685
5/9/2014;Colisoes;Moto;-34.91016;-8.037633
5/9/2014;Colisoes;Moto;-34.883502;-8.038716
5/9/2014;Colisoes;Moto;-34.908768;-8.051921
5/10/2014;Atropelamentos;Pedestre;-34.935542;-8.064113
5/10/2014;Colisoes;Moto;-34.9261;-8.109048
5/10/2014;Colisoes;Moto;-34.950876;-8.016415
5/10/2014;Colisoes;Ciclomotor;-34.892165;-8.031819
5/10/2014;Colisoes;Moto;-34.953888;-8.084288
5/10/2014;Colisoes;Moto;-34.896516;-8.072572
5/10/2014;Colisoes;Moto;-34.921036;-8.081006
5/11/2014;Colisoes;Táxi;-34.919325;-8.001235
5/11/2014;Colisoes;Moto;-34.923531;-8.052819
5/11/2014;Colisoes;Moto;-34.90364;-8.026266
5/11/2014;Colisoes;Moto;-34.906386;-8.144448
5/11/2014;Colisoes;Moto;-34.941716;-8.117354
5/12/2014;Atropelamentos;Pedestre;-34.956629;-8.09063
5/12/2014;Colisoes;Moto;-34.882112;-8.059997
5/12/2014;Colisoes;Moto;-34.908761;-8.048708
5/12/2014;Colisoes;Moto;-34.891787;-8.033444
5/12/2014;Colisoes;Ciclomotor;-34.908999;-8.143179
5/12/2014;Colisoes;Moto;-34.943036;-8.077086
5/12/2014;Colisoes;Moto;-34.913003;-8.1023
5/13/2014;Colisoes;Moto;-34.883837;-8.066481
5/13/2014;Colisoes;Moto;-34.928949;-8.053493
5/13/2014;Colisoes;Moto;-34.941936;-8.117773
5/13/2014;Colisoes;Moto;-34.949076;-8.115267
5/13/2014;Colisoes;Ciclomotor;-34.939254;-8.059028
5/14/2014;Ciclistas;Ciclista;-34.902776;-8.132754
5/14/2014;Atropelamentos;Pedestre;-34.899445;-8.056717
5/14/2014;Atropelamentos;Pedestre;-34.908328;-8.06947
5/14/2014;Colisoes;Táxi;-34.910324;-8.062321
5/14/2014;Colisoes;Moto;-34.917458;-8.111183
5/14/2014;Colisoes;Moto;-34.908521;-8.068896
5/15/2014;Atropelamentos;Pedestre;-34.88558;-8.056847
5/15/2014;Colisoes;Moto;-34.917372;-8.037909
5/15/2014;Colisoes;Moto;-34.88421;-8.070707
5/15/2014;Colisoes;Táxi;-34.912695;-8.134953
5/15/2014;Colisoes;Moto;-34.910645;-8.033256
5/16/2014;Atropelamentos;Pedestre;-34.908795;-8.123079
5/16/2014;Atropelamentos;Pedestre;-34.887047;-8.006967
5/16/2014;Colisoes;Moto;-34.883743;-8.052627
5/16/2014;Colisoes;Moto;-34.938658;-8.09252
5/16/2014;Colisoes;Moto;-34.898785;-8.047162
5/16/2014;Colisoes;Moto;-34.880626;-8.046418
5/16/2014;Colisoes;Moto;-34.899262;-8.039194
5/16/2014;Colisoes;Moto;-34.897926;-8.058879
5/16/2014;Colisoes;Moto;-34.935848;-8.138622
5/16/2014;Colisoes;Moto;-34.918419;-8.121586
5/17/2014;Atropelamentos;Pedestre;-34.906298;-8.077285
5/17/2014;Atropelamentos;Pedestre;-34.916466;-8.062409
5/17/2014;Colisoes;Moto;-34.884076;-8.011105
5/17/2014;Colisoes;Moto;-34.932457;-8.021591
5/17/2014;Colisoes;Moto;-34.911139;-8.141156
5/17/2014;Colisoes;Ciclomotor;-34.92227;-8.113408
5/17/2014;Colisoes;Táxi;-34.897513;-8.123928
5/17/2014;Colisoes;Táxi;-34.909176;-8.143078
5/18/2014;Atropelamentos;Pedestre;-34.903798;-8.080034
5/18/2014;Colisoes;Moto;-34.912137;-8.109972
5/18/2014;Colisoes;Moto;-34.876815;-8.064193
5/18/2014;Colisoes;Moto;-34.921637;-8.020837
5/18/2014;Colisoes;Táxi;-34.889853;-8.008003
5/18/2014;Colisoes;Moto;-34.896124;-8.122335
5/18/2014;Colisoes;Táxi;-34.9163;-8.132128
5/18/2014;Colisoes;Moto;-34.908264;-8.152158
5/19/2014;Ciclistas;Ciclista;-34.909422;-8.028831
5/19/2014;Colisoes;Táxi;-34.884644;-8.032873
5/19/2014;Colisoes;Moto;-34.917802;-8.024765
5/19/2014;Colisoes;Moto;-34.955932;-8.113206
5/19/2014;Colisoes;Ciclomotor;-34.913424;-8.04807
5/19/2014;Colisoes;Moto;-34.916367;-8.075543
5/19/2014;Colisoes;Ônibus;-34.89422;-8.077171
5/19/2014;Colisoes;Moto;-34.934785;-8.090396
5/20/2014;Atropelamentos;Pedestre;-34.895732;-8.051879
5/20/2014;Colisoes;Moto;-34.889719;-8.074409
5/20/2014;Colisoes;Moto;-34.903886;-8.122962
5/20/2014;Colisoes;Moto;-34.920462;-8.140996
5/20/2014;Colisoes;Moto;-34.887729;-8.051576
5/20/2014;Colisoes;Moto;-34.887415;-8.039917
5/21/2014;Atropelamentos;Pedestre;-34.92823;-8.100232
5/21/2014;Colisoes;Moto;-34.879006;-8.022335
5/21/2014;Colisoes;Moto;-34.878899;-8.039534
5/21/2014;Colisoes;Ciclomotor;-34.913086;-8.120036
5/21/2014;Colisoes;Moto;-34.943822;-8.120484
5/21/2014;Colisoes;Moto;-34.92146;-8.03418
5/21/2014;Colisoes;Moto;-34.948797;-8.091803
5/21/2014;Colisoes;Ciclomotor;-34.943698;-8.122627
5/22/2014;Atropelamentos;Pedestre;-34.921975;-8.025198
5/22/2014;Colisoes;Ciclomotor;-34.895255;-8.056234
5/22/2014;Colisoes;Moto;-34.901376;-8.114959
5/22/2014;Colisoes;Moto;-34.902835;-8.133036
5/22/2014;Colisoes;Moto;-34.925789;-8.107736
5/22/2014;Colisoes;Moto;-34.93103;-8.062119
5/23/2014;Colisoes;Moto;-34.875157;-8.067723
5/23/2014;Colisoes;Moto;-34.880845;-8.034581
5/23/2014;Colisoes;Táxi;-34.879897;-8.051624
5/23/2014;Colisoes;Moto;-34.894343;-8.113939
5/23/2014;Colisoes;Moto;-34.972277;-8.037511
5/24/2014;Ciclistas;Ciclista;-34.878692;-8.060454
5/24/2014;Atropelamentos;Pedestre;-34.919068;-8.056744
5/24/2014;Atropelamentos;Pedestre;-34.883491;-8.088638
5/24/2014;Colisoes;Ônibus;-34.939291;-8.095266
5/24/2014;Colisoes;Moto;-34.96371;-8.090436
5/24/2014;Colisoes;Moto;-34.897964;-8.125113
5/24/2014;Colisoes;Moto;-34.918225;-8.072463
5/24/2014;Colisoes;Táxi;-34.931505;-8.056614
5/24/2014;Colisoes;Moto;-34.909074;-8.073581
5/24/2014;Colisoes;Táxi;-34.88554;-8.093583
5/24/2014;Colisoes;Moto;-34.9063;-8.025663
5/25/2014;Ciclistas;Ciclista;-34.90887;-8.04049
5/25/2014;Colisoes;Moto;-34.955803;-8.035901
5/25/2014;Colisoes;Moto;-34.957541;-8.030186
5/26/2014;Colisoes;Moto;-34.900979;-8.015822
5/26/2014;Colisoes;Moto;-34.916702;-8.10857
5/26/2014;Colisoes;Moto;-34.88878;-8.044944
5/27/2014;Atropelamentos;Pedestre;-34.898887;-8.05667
5/27/2014;Colisoes;Moto;-34.90939;-8.071478
5/28/2014;Colisoes;Moto;-34.914025;-8.080709
5/28/2014;Colisoes;Moto;-34.916975;-8.080793
5/28/2014;Colisoes;Ciclomotor;-34.910447;-8.028496
5/29/2014;Colisoes;Moto;-34.930596;-8.08629
5/29/2014;Colisoes;Moto;-34.878706;-8.03989
5/29/2014;Colisoes;Ônibus;-34.926932;-8.047109
5/30/2014;Colisoes;Ciclomotor;-34.893984;-8.026308
5/30/2014;Colisoes;Táxi;-34.914465;-8.025888
5/30/2014;Colisoes;Moto;-34.91697;-8.075397
5/30/2014;Colisoes;Moto;-34.931309;-8.086997
5/31/2014;Ciclistas;Ciclista;-34.916715;-8.029394
5/31/2014;Colisoes;Moto;-34.891999;-8.038581
5/31/2014;Colisoes;Moto;-34.959483;-8.082334
5/31/2014;Colisoes;Moto;-34.89309;-8.027121
5/31/2014;Colisoes;Moto;-34.923627;-8.082297
5/31/2014;Colisoes;Moto;-34.940059;-8.05276
6/1/2014;Colisoes;Moto;-34.894059;-8.004385
6/1/2014;Colisoes;Moto;-34.912362;-8.047916
6/1/2014;Colisoes;Moto;-34.894123;-8.037829
6/2/2014;Atropelamentos;Pedestre;-34.888802;-8.085
6/2/2014;Atropelamentos;Pedestre;-34.886023;-8.095702
6/2/2014;Colisoes;Moto;-34.959317;-8.045574
6/2/2014;Colisoes;Moto;-34.909723;-8.062172
6/2/2014;Colisoes;Moto;-34.913215;-8.021979
6/2/2014;Colisoes;Táxi;-34.885969;-8.030823
6/3/2014;Colisoes;Moto;-34.910576;-8.024497
6/3/2014;Colisoes;Moto;-34.895958;-8.054396
6/3/2014;Colisoes;Moto;-34.89651;-8.033585
6/3/2014;Colisoes;Moto;-34.935257;-8.10909
6/3/2014;Colisoes;Moto;-34.906075;-8.057796
6/3/2014;Colisoes;Moto;-34.908972;-8.081256
6/3/2014;Colisoes;Moto;-34.891226;-8.019572
6/4/2014;Atropelamentos;Pedestre;-34.907057;-8.077527
6/4/2014;Atropelamentos;Pedestre;-34.910211;-8.088819
6/4/2014;Colisoes;Moto;-34.890229;-8.04457
6/4/2014;Colisoes;Moto;-34.911531;-8.106727
6/4/2014;Colisoes;Moto;-34.892047;-8.071563
6/4/2014;Colisoes;Moto;-34.929518;-8.061503
6/4/2014;Colisoes;Moto;-34.877633;-8.027094
6/4/2014;Colisoes;Moto;-34.896108;-8.045653
6/4/2014;Colisoes;Caminhão;-34.893168;-8.07578
6/5/2014;Colisoes;Moto;-34.88517;-8.033431
6/5/2014;Colisoes;Moto;-34.894204;-8.02174
6/5/2014;Colisoes;Moto;-34.904712;-8.008545
6/5/2014;Colisoes;Moto;-34.92381;-8.140561
6/5/2014;Colisoes;Moto;-34.887176;-8.099934
6/6/2014;Colisoes;Moto;-34.914604;-8.075992
6/6/2014;Colisoes;Moto;-34.905131;-8.141007
6/6/2014;Colisoes;Moto;-34.950374;-8.034318
6/6/2014;Colisoes;Ciclomotor;-34.891478;-8.034972
6/6/2014;Colisoes;Moto;-34.923424;-8.054518
6/6/2014;Colisoes;Moto;-34.872735;-8.060034
6/7/2014;Ciclistas;Ciclista;-34.932532;-8.06264
6/7/2014;Ciclistas;Ciclista;-34.887428;-8.016954
6/7/2014;Colisoes;Moto;-34.88628;-8.030366
6/7/2014;Colisoes;Táxi;-34.893825;-8.051833
6/7/2014;Colisoes;Ciclomotor;-34.925065;-8.1149
6/7/2014;Colisoes;Moto;-34.920017;-8.014505
6/7/2014;Colisoes;Moto;-34.90335;-8.008056
6/7/2014;Colisoes;Moto;-34.906906;-8.03252
6/7/2014;Colisoes;Moto;-34.909079;-8.102802
6/7/2014;Colisoes;Moto;-34.911697;-8.062624
6/7/2014;Colisoes;Moto;-34.89776;-8.056595
6/8/2014;Colisoes;Moto;-34.919937;-8.080905
6/8/2014;Colisoes;Acidente com morte;-34.940702;-8.017905
6/9/2014;Colisoes;Moto;-34.917313;-8.109093
6/9/2014;Colisoes;Moto;-34.935654;-8.048787
6/9/2014;Colisoes;Ciclomotor;-34.893898;-8.023185
6/9/2014;Colisoes;Caminhão;-34.882898;-8.051281
6/9/2014;Colisoes;Moto;-34.90158;-8.030743
6/9/2014;Colisoes;Moto;-34.931572;-8.085977
6/10/2014;Atropelamentos;Pedestre;-34.949613;-8.126977
6/10/2014;Colisoes;Moto;-34.882901;-8.057835
6/10/2014;Colisoes;Moto;-34.893815;-8.051464
6/10/2014;Colisoes;Moto;-34.89025;-8.083343
6/10/2014;Colisoes;Moto;-34.912115;-8.110301
6/10/2014;Colisoes;Moto;-34.910423;-8.053764
6/10/2014;Colisoes;Moto;-34.975601;-8.03661
6/10/2014;Colisoes;Moto;-34.879231;-8.035014
6/10/2014;Colisoes;Moto;-34.883834;-8.092297
6/11/2014;Ciclistas;Ciclista;-34.93026;-8.016271
6/11/2014;Atropelamentos;Pedestre;-34.894563;-8.019631
6/11/2014;Colisoes;Moto;-34.872723;-8.065319
6/11/2014;Colisoes;Moto;-34.909626;-8.086354
6/11/2014;Colisoes;Moto;-34.953116;-8.11293
6/11/2014;Colisoes;Moto;-34.895153;-8.06214
6/11/2014;Colisoes;Moto;-34.908087;-8.065518
6/11/2014;Colisoes;Moto;-34.884558;-8.032993
6/11/2014;Colisoes;Moto;-34.931883;-8.087565
6/11/2014;Colisoes;Moto;-34.910034;-8.099467
6/11/2014;Colisoes;Moto;-34.959295;-8.032236
6/12/2014;Colisoes;Moto;-34.907306;-8.032504
6/12/2014;Colisoes;Moto;-34.90593;-8.02506
6/12/2014;Colisoes;Moto;-34.899761;-8.054648
6/12/2014;Colisoes;Táxi;-34.935818;-8.020731
6/13/2014;Atropelamentos;Pedestre;-34.895523;-8.115761
6/13/2014;Colisoes;Moto;-34.911807;-8.034884
6/13/2014;Colisoes;Moto;-34.881307;-8.032353
6/13/2014;Colisoes;Moto;-34.904707;-8.053063
6/13/2014;Colisoes;Ciclomotor;-34.90586;-8.122972
6/13/2014;Colisoes;Moto;-34.890558;-8.109385
6/13/2014;Colisoes;Moto;-34.909497;-8.056861
6/13/2014;Colisoes;Moto;-34.907894;-8.088033
6/13/2014;Colisoes;Táxi;-34.894544;-8.111953
6/14/2014;Atropelamentos;Pedestre;-34.910173;-8.09867
6/14/2014;Colisoes;Ciclomotor;-34.883732;-8.052601
6/14/2014;Colisoes;Moto;-34.877646;-8.048503
6/14/2014;Colisoes;Ciclomotor;-34.935107;-8.045175
6/14/2014;Colisoes;Moto;-34.907714;-8.062778
6/14/2014;Colisoes;Ônibus;-34.917517;-8.133365
6/15/2014;Atropelamentos;Pedestre;-34.897234;-8.003793
6/15/2014;Colisoes;Moto;-34.930574;-8.06359
6/15/2014;Colisoes;Moto;-34.890676;-8.111435
6/15/2014;Colisoes;Moto;-34.943025;-8.093012
6/15/2014;Colisoes;Moto;-34.920259;-8.002011
6/15/2014;Colisoes;Moto;-34.909852;-8.12173
6/15/2014;Colisoes;Ônibus;-34.90482;-8.061174
6/15/2014;Colisoes;Moto;-34.902658;-8.079513
6/15/2014;Colisoes;Moto;-34.909675;-8.08031
6/16/2014;Atropelamentos;Pedestre;-34.891666;-8.022855
6/16/2014;Colisoes;Moto;-34.914991;-8.134454
6/16/2014;Colisoes;Moto;-34.914588;-8.014707
6/16/2014;Colisoes;Moto;-34.919583;-8.046652
6/17/2014;Atropelamentos;Pedestre;-34.884746;-8.025554
6/17/2014;Colisoes;Moto;-34.912357;-8.04841
6/17/2014;Colisoes;Moto;-34.918746;-8.047592
6/17/2014;Colisoes;Moto;-34.907003;-8.025479
6/18/2014;Atropelamentos;Pedestre;-34.893807;-8.041457
6/18/2014;Atropelamentos;Carroça;-34.910989;-8.105054
6/18/2014;Atropelamentos;Pedestre;-34.921374;-8.050391
6/18/2014;Colisoes;Táxi;-34.901381;-8.061885
6/18/2014;Colisoes;Moto;-34.930054;-8.085738
6/18/2014;Colisoes;Moto;-34.909197;-8.150512
6/18/2014;Colisoes;Moto;-34.898216;-8.056765
6/18/2014;Colisoes;Moto;-34.924893;-8.029227
6/19/2014;Colisoes;Ônibus;-34.893764;-8.023764
6/20/2014;Colisoes;Moto;-34.913537;-8.116839
6/20/2014;Colisoes;Moto;-34.911018;-8.0243
6/20/2014;Colisoes;Moto;-34.908822;-8.05975
6/20/2014;Colisoes;Moto;-34.916487;-8.062411
6/20/2014;Colisoes;Moto;-34.930859;-8.057657
6/20/2014;Colisoes;Ciclomotor;-34.912169;-8.064435
6/20/2014;Colisoes;Táxi;-34.916385;-8.075546
6/21/2014;Ciclistas;Ciclista;-34.927189;-8.106775
6/21/2014;Atropelamentos;Pedestre;-34.887085;-8.059203
6/21/2014;Atropelamentos;Pedestre;-34.901429;-8.114911
6/21/2014;Colisoes;Moto;-34.894638;-8.112972
6/21/2014;Colisoes;Moto;-34.89349;-8.048899
6/21/2014;Colisoes;Moto;-34.945487;-8.042774
6/21/2014;Colisoes;Táxi;-34.876549;-8.061646
6/21/2014;Colisoes;Ônibus;-34.907266;-8.000661
6/21/2014;Colisoes;Ciclomotor;-34.908902;-8.082137
6/21/2014;Colisoes;Ciclomotor;-34.91778;-8.0266
6/21/2014;Colisoes;Ciclomotor;-34.929281;-8.072582
6/21/2014;Colisoes;Táxi;-34.964671;-8.091118
6/22/2014;Colisoes;Moto;-34.87682;-8.064206
6/22/2014;Colisoes;Ciclomotor;-34.889389;-8.066273
6/22/2014;Colisoes;Moto;-34.882249;-8.044039
6/22/2014;Colisoes;Moto;-34.897715;-8.056677
6/22/2014;Colisoes;Moto;-34.908537;-8.034499
6/22/2014;Colisoes;Moto;-34.896513;-8.053315
6/22/2014;Colisoes;Moto;-34.895915;-8.007716
6/23/2014;Colisoes;Ciclomotor;-34.896441;-8.073188
6/23/2014;Colisoes;Moto;-34.876992;-8.047587
6/24/2014;Atropelamentos;Pedestre;-34.90453;-8.02681
6/24/2014;Colisoes;Táxi;-34.907228;-8.058945
6/24/2014;Colisoes;Moto;-34.972497;-8.037431
6/24/2014;Colisoes;Moto;-34.936953;-8.137056
6/24/2014;Colisoes;Moto;-34.937044;-8.041728
6/24/2014;Colisoes;Táxi;-34.89975;-8.004083
6/24/2014;Colisoes;Moto;-34.87538;-8.069783
6/24/2014;Colisoes;Ciclomotor;-34.898645;-8.045101
6/24/2014;Colisoes;Ônibus;-34.879054;-8.057089
6/25/2014;Colisoes;Moto;-34.906284;-8.110402
6/25/2014;Colisoes;Moto;-34.90705;-8.13212
6/25/2014;Colisoes;Moto;-34.885771;-8.09495
6/25/2014;Colisoes;Táxi;-34.884682;-8.042238
6/25/2014;Colisoes;Moto;-34.882748;-8.020934
6/25/2014;Colisoes;Moto;-34.921541;-8.107439
6/25/2014;Colisoes;Táxi;-34.893871;-8.044681
6/27/2014;Atropelamentos;Pedestre;-34.881773;-8.066982
6/27/2014;Colisoes;Ônibus;-34.917812;-8.14252
6/27/2014;Colisoes;Moto;-34.893721;-8.024066
6/27/2014;Colisoes;Moto;-34.918767;-8.04713
6/27/2014;Colisoes;Moto;-34.880573;-8.054518
6/28/2014;Colisoes;Táxi;-34.936175;-8.121687
6/28/2014;Colisoes;Ciclomotor;-34.892487;-8.030125
6/28/2014;Colisoes;Moto;-34.924282;-8.055374
6/28/2014;Colisoes;Moto;-34.909489;-8.04117
6/28/2014;Colisoes;Moto;-34.897315;-8.003519
6/28/2014;Colisoes;Táxi;-34.912818;-8.113971
6/28/2014;Colisoes;Ciclomotor;-34.921916;-8.113105
6/28/2014;Colisoes;Moto;-34.884687;-8.032794
6/29/2014;Colisoes;Táxi;-34.913853;-8.119595
6/29/2014;Colisoes;Táxi;-34.926744;-8.019997
6/29/2014;Colisoes;Moto;-34.926417;-8.06265
6/29/2014;Colisoes;Moto;-34.91079;-8.058
6/29/2014;Colisoes;Moto;-34.893115;-8.027025
6/30/2014;Atropelamentos;Pedestre;-34.928152;-8.099988
6/30/2014;Atropelamentos;Pedestre;-34.959539;-8.048256
6/30/2014;Atropelamentos;Pedestre;-34.891277;-8.046347
6/30/2014;Atropelamentos;Pedestre;-34.901558;-8.079099
6/30/2014;Colisoes;Moto;-34.889966;-8.066963
6/30/2014;Colisoes;Moto;-34.88874;-8.052317
6/30/2014;Colisoes;Moto;-34.920626;-8.009732
6/30/2014;Colisoes;Moto;-34.911002;-8.104929
6/30/2014;Colisoes;Moto;-34.909106;-8.087772
7/1/2014;Atropelamentos;Pedestre;-34.895754;-8.020598
7/1/2014;Colisoes;Táxi;-34.882167;-8.090067
7/1/2014;Colisoes;Moto;-34.897473;-8.043287
7/2/2014;Ciclistas;Ciclista;-34.905254;-8.060619
7/2/2014;Atropelamentos;Pedestre;-34.912663;-8.066862
7/2/2014;Atropelamentos;Pedestre;-34.877716;-8.047034
7/2/2014;Colisoes;Ciclomotor;-34.942537;-8.092844
7/2/2014;Colisoes;Moto;-34.919143;-8.051606
7/2/2014;Colisoes;Moto;-34.887847;-8.103445
7/3/2014;Colisoes;Moto;-34.910391;-8.062241
7/3/2014;Colisoes;Moto;-34.943814;-8.123026
7/3/2014;Colisoes;Moto;-34.897929;-8.125123
7/3/2014;Colisoes;Moto;-34.89412;-8.019296
7/4/2014;Ciclistas;Ciclista;-34.922544;-8.140062
7/4/2014;Colisoes;Moto;-34.88234;-8.068843
7/4/2014;Colisoes;Moto;-34.883735;-8.052625
7/4/2014;Colisoes;Moto;-34.895158;-8.117014
7/4/2014;Colisoes;Moto;-34.906527;-8.049324
7/4/2014;Colisoes;Táxi;-34.883684;-8.052542
7/5/2014;Atropelamentos;Acidente com morte;-34.900716;-8.126191
7/5/2014;Colisoes;Moto;-34.896591;-8.053252
7/5/2014;Colisoes;Moto;-34.947156;-8.092425
7/5/2014;Colisoes;Moto;-34.888823;-8.020547
7/5/2014;Colisoes;Moto;-34.885862;-8.099074
7/5/2014;Colisoes;Moto;-34.927334;-8.071573
7/5/2014;Colisoes;Moto;-34.924856;-8.020396
7/5/2014;Colisoes;Ciclomotor;-34.878438;-8.063768
7/5/2014;Colisoes;Táxi;-34.915667;-8.037734
7/6/2014;Ciclistas;Ciclista;-34.890711;-8.038599
7/6/2014;Colisoes;Táxi;-34.949902;-8.03435
7/6/2014;Colisoes;Ciclomotor;-34.958013;-8.03
7/6/2014;Colisoes;Moto;-34.890918;-8.006911
7/7/2014;Colisoes;Moto;-34.928187;-8.100513
7/7/2014;Colisoes;Moto;-34.908934;-8.062045
7/7/2014;Colisoes;Moto;-34.902062;-8.00242
7/7/2014;Colisoes;Moto;-34.91137;-8.106876
7/7/2014;Colisoes;Moto;-34.920189;-8.002021
7/7/2014;Colisoes;Táxi;-34.911772;-8.108926
7/8/2014;Ciclistas;Ciclista;-34.907282;-8.085313
7/8/2014;Atropelamentos;Pedestre;-34.911493;-8.107609
7/8/2014;Colisoes;Moto;-34.874082;-8.049722
7/8/2014;Colisoes;Moto;-34.906109;-8.131983
7/8/2014;Colisoes;Táxi;-34.941067;-8.038897
7/8/2014;Colisoes;Moto;-34.897028;-8.056417
7/8/2014;Colisoes;Moto;-34.889858;-8.027652
7/8/2014;Colisoes;Moto;-34.912676;-8.035521
7/9/2014;Atropelamentos;Pedestre;-34.887729;-8.058766
7/9/2014;Colisoes;Moto;-34.918098;-8.037942
7/9/2014;Colisoes;Moto;-34.927544;-8.066346
7/9/2014;Colisoes;Ciclomotor;-34.929911;-8.088465
7/9/2014;Colisoes;Moto;-34.911205;-8.105086
7/9/2014;Colisoes;Moto;-34.907047;-8.046011
7/9/2014;Colisoes;Moto;-34.917666;-8.140369
7/10/2014;Ciclistas;Ciclista;-34.930022;-8.087905
7/10/2014;Colisoes;Moto;-34.90954;-8.046333
7/10/2014;Colisoes;Moto;-34.895335;-8.056015
7/10/2014;Colisoes;Moto;-34.884167;-8.040097
7/10/2014;Colisoes;Moto;-34.881334;-8.032162
7/10/2014;Colisoes;Moto;-34.962895;-8.081813
7/10/2014;Colisoes;Táxi;-34.909744;-8.040243
7/10/2014;Colisoes;Moto;-34.89216;-8.11532
7/10/2014;Colisoes;Moto;-34.887903;-8.028608
7/11/2014;Colisoes;Moto;-34.915388;-8.022175
7/11/2014;Colisoes;Moto;-34.922866;-8.00081
7/11/2014;Colisoes;Ciclomotor;-34.910672;-8.09098
7/11/2014;Colisoes;Moto;-34.892557;-8.042318
7/11/2014;Colisoes;Moto;-34.928777;-8.096132
7/11/2014;Colisoes;Moto;-34.897782;-8.054757
7/11/2014;Colisoes;Moto;-34.875149;-8.03822
7/11/2014;Colisoes;Moto;-34.928225;-8.100264
7/12/2014;Atropelamentos;Pedestre;-34.880503;-8.032241
7/12/2014;Atropelamentos;Pedestre;-34.886144;-8.044825
7/12/2014;Colisoes;Moto;-34.925462;-8.113854
7/12/2014;Colisoes;Moto;-34.893503;-8.005007
7/12/2014;Colisoes;Moto;-34.894606;-8.058003
7/12/2014;Colisoes;Ciclomotor;-34.926975;-8.06452
7/13/2014;Atropelamentos;Acidente com animal;-34.91652;-8.062416
7/13/2014;Colisoes;Moto;-34.889601;-8.105463
7/13/2014;Colisoes;Táxi;-34.886511;-8.021432
7/13/2014;Colisoes;Moto;-34.897224;-8.003796
7/13/2014;Colisoes;Moto;-34.935397;-8.002824
7/13/2014;Colisoes;Táxi;-34.923311;-8.049122
7/13/2014;Colisoes;Moto;-34.890416;-8.112611
7/14/2014;Atropelamentos;Pedestre;-34.88403;-8.060786
7/14/2014;Atropelamentos;Pedestre;-34.900032;-8.057033
7/14/2014;Colisoes;Moto;-34.916359;-8.080767
7/14/2014;Colisoes;Moto;-34.892551;-8.029771
7/14/2014;Colisoes;Moto;-34.893898;-8.023179
7/14/2014;Colisoes;Moto;-34.90151;-8.031306
7/14/2014;Colisoes;Moto;-34.897379;-8.069666
7/14/2014;Colisoes;Moto;-34.901193;-8.121358
7/14/2014;Colisoes;Moto;-34.878982;-8.050373
7/15/2014;Atropelamentos;Pedestre;-34.88164;-8.062022
7/15/2014;Colisoes;Moto;-34.918893;-8.148906
7/15/2014;Colisoes;Moto;-34.929839;-8.045536
7/15/2014;Colisoes;Moto;-34.889995;-8.045425
7/15/2014;Colisoes;Moto;-34.897524;-8.123928
7/15/2014;Colisoes;Ciclomotor;-34.931492;-8.107816
7/16/2014;Atropelamentos;Pedestre;-34.908926;-8.040424
7/16/2014;Colisoes;Moto;-34.94211;-8.016072
7/16/2014;Colisoes;Moto;-34.946405;-8.09268
7/17/2014;Atropelamentos;Pedestre;-34.910624;-8.13277
7/17/2014;Atropelamentos;Pedestre;-34.889483;-8.013049
7/17/2014;Atropelamentos;Pedestre;-34.907121;-8.057939
7/17/2014;Atropelamentos;Pedestre;-34.892659;-8.112925
7/17/2014;Colisoes;Moto;-34.906391;-8.059644
7/17/2014;Colisoes;Moto;-34.907947;-8.089039
7/17/2014;Colisoes;Moto;-34.893343;-8.072399
7/17/2014;Colisoes;Moto;-34.906751;-8.053329
7/17/2014;Colisoes;Táxi;-34.940772;-8.018151
7/17/2014;Colisoes;Ônibus;-34.926685;-8.0473
7/17/2014;Colisoes;Moto;-34.922013;-8.033856
7/18/2014;Atropelamentos;Pedestre;-34.897739;-8.062432
7/18/2014;Atropelamentos;Pedestre;-34.909409;-8.085385
7/18/2014;Colisoes;Moto;-34.936057;-8.091708
7/18/2014;Colisoes;Moto;-34.902929;-8.061482
7/18/2014;Colisoes;Moto;-34.90629;-8.143248
7/18/2014;Colisoes;Moto;-34.914816;-8.054011
7/19/2014;Atropelamentos;Pedestre;-34.935247;-8.036719
7/19/2014;Atropelamentos;Pedestre;-34.924217;-8.060812
7/19/2014;Colisoes;Moto;-34.894794;-8.117216
7/19/2014;Colisoes;Ônibus;-34.95738;-8.013591
7/20/2014;Colisoes;Moto;-34.929324;-7.983503
7/20/2014;Colisoes;Moto;-34.963732;-8.081718
7/20/2014;Colisoes;Ciclomotor;-34.935306;-8.036677
7/20/2014;Colisoes;Moto;-34.949368;-8.084028
7/20/2014;Colisoes;Moto;-34.882297;-8.041144
7/20/2014;Colisoes;Táxi;-34.927629;-8.065247
7/20/2014;Colisoes;Moto;-34.950085;-8.084426
7/21/2014;Atropelamentos;Pedestre;-34.954551;-8.049321
7/21/2014;Colisoes;Moto;-34.917415;-8.109196
7/21/2014;Colisoes;Moto;-34.932511;-8.062616
7/21/2014;Colisoes;Moto;-34.893235;-8.037991
7/21/2014;Colisoes;Moto;-34.929196;-8.140688
7/21/2014;Colisoes;Moto;-34.935075;-8.06384
7/21/2014;Colisoes;Moto;-34.91715;-8.108955
7/21/2014;Colisoes;Moto;-34.894358;-8.037039
7/21/2014;Colisoes;Moto;-34.943696;-8.015865
7/21/2014;Colisoes;Moto;-34.9169;-8.108737
7/21/2014;Colisoes;Moto;-34.933938;-8.021166
7/21/2014;Colisoes;Moto;-34.935145;-8.010632
7/22/2014;Atropelamentos;Pedestre;-34.898339;-8.056648
7/22/2014;Atropelamentos;Pedestre;-34.937722;-8.064783
7/22/2014;Atropelamentos;Pedestre;-34.881554;-8.062002
7/22/2014;Colisoes;Moto;-34.912915;-8.140101
7/22/2014;Colisoes;Táxi;-34.893418;-8.074611
7/22/2014;Colisoes;Táxi;-34.928643;-8.09601
7/22/2014;Colisoes;Moto;-34.911128;-8.056032
7/23/2014;Colisoes;Táxi;-34.893544;-8.112447
7/23/2014;Colisoes;Moto;-34.928209;-8.067229
7/23/2014;Colisoes;Táxi;-34.945182;-8.041531
7/23/2014;Colisoes;Moto;-34.934984;-8.035078
7/23/2014;Colisoes;Moto;-34.927168;-8.040687
7/24/2014;Colisoes;Moto;-34.953432;-8.057307
7/24/2014;Colisoes;Moto;-34.895512;-8.051539
7/24/2014;Colisoes;Moto;-34.885787;-8.088208
7/24/2014;Colisoes;Moto;-34.89389;-8.023153
7/24/2014;Colisoes;Moto;-34.903167;-8.056839
7/24/2014;Colisoes;Moto;-34.960073;-8.082153
7/24/2014;Colisoes;Moto;-34.873824;-8.049972
7/24/2014;Colisoes;Moto;-34.936191;-8.091586
7/25/2014;Atropelamentos;Pedestre;-34.890615;-8.072147
7/25/2014;Colisoes;Moto;-34.891092;-8.046588
7/25/2014;Colisoes;Moto;-34.928404;-8.027724
7/25/2014;Colisoes;Ciclomotor;-34.909637;-8.086381
7/25/2014;Colisoes;Moto;-34.908521;-8.034531
7/25/2014;Colisoes;Moto;-34.882482;-8.049109
7/25/2014;Colisoes;Moto;-34.890625;-8.07255
7/26/2014;Atropelamentos;Pedestre;-34.917308;-8.021429
7/26/2014;Colisoes;Moto;-34.957058;-8.027317
7/26/2014;Colisoes;Moto;-34.894887;-8.116547
7/26/2014;Colisoes;Táxi;-34.909192;-8.077023
7/26/2014;Colisoes;Moto;-34.880414;-8.068177
7/26/2014;Colisoes;Ciclomotor;-34.911472;-8.07672
7/26/2014;Colisoes;Moto;-34.918697;-8.080857
7/27/2014;Colisoes;Moto;-34.934099;-8.079343
7/27/2014;Colisoes;Moto;-34.895453;-8.051695
7/27/2014;Colisoes;Moto;-34.914969;-8.125394
7/27/2014;Colisoes;Moto;-34.914186;-8.120354
7/27/2014;Colisoes;Táxi;-34.900394;-8.128341
7/28/2014;Atropelamentos;Pedestre;-34.929083;-8.070915
7/28/2014;Atropelamentos;Pedestre;-34.892342;-8.03784
7/28/2014;Atropelamentos;Pedestre;-34.893959;-8.019155
7/28/2014;Atropelamentos;Pedestre;-34.895545;-8.11575
7/28/2014;Atropelamentos;Pedestre;-34.908682;-8.091394
7/28/2014;Colisoes;Moto;-34.929786;-8.098628
7/28/2014;Colisoes;Moto;-34.931524;-8.014462
7/28/2014;Colisoes;Moto;-34.884773;-8.042477
7/28/2014;Colisoes;Moto;-34.908891;-8.082148
7/28/2014;Colisoes;Moto;-34.95443;-8.119605
7/29/2014;Colisoes;Moto;-34.955041;-8.03154
7/29/2014;Colisoes;Moto;-34.894246;-8.025354
7/29/2014;Colisoes;Moto;-34.890808;-8.03393
7/30/2014;Colisoes;Ciclomotor;-34.929694;-8.073634
7/30/2014;Colisoes;Moto;-34.873862;-8.049897
7/30/2014;Colisoes;Moto;-34.873985;-8.049924
7/30/2014;Colisoes;Moto;-34.91322;-8.106023
7/30/2014;Colisoes;Ciclomotor;-34.924373;-8.020468
7/30/2014;Colisoes;Moto;-34.910753;-8.018967
7/30/2014;Colisoes;Moto;-34.919084;-8.051637
7/30/2014;Colisoes;Moto;-34.904753;-8.141163
7/31/2014;Atropelamentos;Pedestre;-34.898077;-8.059219
7/31/2014;Colisoes;Ciclomotor;-34.914599;-8.047932
7/31/2014;Colisoes;Moto;-34.91778;-8.026584
7/31/2014;Colisoes;Ciclomotor;-34.944667;-8.037484
7/31/2014;Colisoes;Moto;-34.948824;-8.035184
7/31/2014;Colisoes;Moto;-34.892664;-8.056651
7/31/2014;Colisoes;Moto;-34.914181;-8.080703
7/31/2014;Colisoes;Moto;-34.940662;-8.115938
8/1/2014;Moto e Ciclomotor;Moto;-34.897084;-8.03733
8/1/2014;Moto e Ciclomotor;Moto;-34.931765;-8.059325
8/1/2014;Moto e Ciclomotor;Moto;-34.917855;-8.044862
8/1/2014;Moto e Ciclomotor;Moto;-34.911064;-8.056064
8/1/2014;Ciclistas e Pedestre;Pedestre;-34.907733;-8.088064
8/2/2014;Moto e Ciclomotor;Acidente com morte;-34.927522;-8.084458
8/2/2014;Moto e Ciclomotor;Ciclomotor;-34.919255;-8.048394
8/2/2014;Moto e Ciclomotor;Ciclomotor;-34.9131;-8.027747
8/2/2014;Moto e Ciclomotor;Moto;-34.89349;-8.025195
8/2/2014;Automóveis e outros;Táxi;-34.904959;-8.051857
8/3/2014;Moto e Ciclomotor;Ciclomotor;-34.930456;-8.045313
8/3/2014;Moto e Ciclomotor;Moto;-34.888512;-8.083481
8/3/2014;Moto e Ciclomotor;Moto;-34.917877;-8.000449
8/3/2014;Moto e Ciclomotor;Moto;-34.918295;-8.073841
8/3/2014;Moto e Ciclomotor;Moto;-34.933959;-7.990446
8/3/2014;Moto e Ciclomotor;Moto;-34.913341;-8.04675
8/3/2014;Automóveis e outros;Ônibus;-34.91892;-8.05173
8/3/2014;Automóveis e outros;Táxi;-34.890824;-8.046269
8/4/2014;Moto e Ciclomotor;Ciclomotor;-34.954355;-8.031928
8/4/2014;Moto e Ciclomotor;Moto;-34.914167;-8.006035
8/4/2014;Moto e Ciclomotor;Moto;-34.906751;-8.05331
8/4/2014;Moto e Ciclomotor;Moto;-34.942899;-8.092958
8/4/2014;Moto e Ciclomotor;Moto;-34.895877;-8.034645
8/4/2014;Moto e Ciclomotor;Moto;-34.905007;-8.051023
8/4/2014;Ciclistas e Pedestre;Pedestre;-34.930424;-8.100258
8/5/2014;Moto e Ciclomotor;Ciclomotor;-34.894305;-8.079949
8/5/2014;Moto e Ciclomotor;Moto;-34.929056;-8.140678
8/5/2014;Moto e Ciclomotor;Moto;-34.940686;-8.115994
8/5/2014;Moto e Ciclomotor;Moto;-34.915514;-8.022019
8/5/2014;Moto e Ciclomotor;Moto;-34.960349;-8.033564
8/5/2014;Ciclistas e Pedestre;Pedestre;-34.918561;-8.026844
8/6/2014;Moto e Ciclomotor;Moto;-34.919604;-8.046641
8/6/2014;Moto e Ciclomotor;Moto;-34.941233;-8.118219
8/6/2014;Moto e Ciclomotor;Moto;-34.952145;-8.108814
8/6/2014;Moto e Ciclomotor;Moto;-34.928766;-8.084883
8/6/2014;Moto e Ciclomotor;Moto;-34.895443;-8.004587
8/6/2014;Moto e Ciclomotor;Moto;-34.889805;-8.029678
8/7/2014;Moto e Ciclomotor;Ciclomotor;-34.905654;-8.058093
8/7/2014;Moto e Ciclomotor;Ciclomotor;-34.929576;-8.09055
8/7/2014;Moto e Ciclomotor;Moto;-34.929882;-8.088622
8/7/2014;Moto e Ciclomotor;Moto;-34.907995;-8.064886
8/7/2014;Moto e Ciclomotor;Moto;-34.898087;-8.056712
8/7/2014;Moto e Ciclomotor;Moto;-34.880476;-8.054545
8/7/2014;Moto e Ciclomotor;Moto;-34.893962;-8.075827
8/7/2014;Moto e Ciclomotor;Moto;-34.929153;-8.061338
8/7/2014;Moto e Ciclomotor;Moto;-34.912957;-8.024948
8/7/2014;Ciclistas e Pedestre;Pedestre;-34.91984;-8.026042
8/7/2014;Ciclistas e Pedestre;Pedestre;-34.892948;-8.076208
8/7/2014;Automóveis e outros;Ônibus;-34.900362;-8.124661
8/8/2014;Moto e Ciclomotor;Moto;-34.891591;-8.034488
8/8/2014;Moto e Ciclomotor;Moto;-34.903505;-8.045478
8/8/2014;Moto e Ciclomotor;Moto;-34.897181;-8.032383
8/8/2014;Moto e Ciclomotor;Moto;-34.929496;-8.061476
8/8/2014;Moto e Ciclomotor;Moto;-34.894033;-8.019227
8/8/2014;Moto e Ciclomotor;Moto;-34.910973;-8.062488
8/8/2014;Moto e Ciclomotor;Moto;-34.93047;-8.016122
8/8/2014;Moto e Ciclomotor;Moto;-34.870203;-8.054741
8/8/2014;Moto e Ciclomotor;Moto;-34.923225;-8.054178
8/8/2014;Ciclistas e Pedestre;Ciclista;-34.929051;-8.073159
8/8/2014;Automóveis e outros;Ônibus;-34.898653;-8.118559
8/9/2014;Moto e Ciclomotor;Moto;-34.903795;-8.02732
8/9/2014;Moto e Ciclomotor;Moto;-34.934541;-8.052792
8/9/2014;Moto e Ciclomotor;Moto;-34.879079;-8.045924
8/9/2014;Moto e Ciclomotor;Moto;-34.9116;-8.109568
8/9/2014;Moto e Ciclomotor;Moto;-34.883577;-8.034223
8/9/2014;Moto e Ciclomotor;Moto;-34.883389;-8.097024
8/9/2014;Ciclistas e Pedestre;Pedestre;-34.923552;-8.061099
8/9/2014;Ciclistas e Pedestre;Pedestre;-34.911649;-8.055761
8/9/2014;Automóveis e outros;Ônibus;-34.957911;-8.040448
8/10/2014;Moto e Ciclomotor;Ciclomotor;-34.929699;-8.085409
8/10/2014;Moto e Ciclomotor;Ciclomotor;-34.910527;-8.033192
8/10/2014;Moto e Ciclomotor;Ciclomotor;-34.897047;-8.066331
8/10/2014;Moto e Ciclomotor;Ciclomotor;-34.955041;-8.031545
8/10/2014;Moto e Ciclomotor;Moto;-34.887514;-8.024244
8/10/2014;Moto e Ciclomotor;Moto;-34.949645;-8.126918
8/10/2014;Moto e Ciclomotor;Moto;-34.904246;-8.011573
8/10/2014;Automóveis e outros;Táxi;-34.876978;-8.04755
8/11/2014;Moto e Ciclomotor;Moto;-34.887868;-8.033734
8/11/2014;Moto e Ciclomotor;Moto;-34.913864;-8.027485
8/11/2014;Moto e Ciclomotor;Moto;-34.928042;-8.084931
8/11/2014;Moto e Ciclomotor;Moto;-34.94162;-8.11798
8/11/2014;Moto e Ciclomotor;Moto;-34.925741;-8.107582
8/11/2014;Moto e Ciclomotor;Moto;-34.944709;-8.081378
8/11/2014;Moto e Ciclomotor;Moto;-34.896204;-8.053419
8/11/2014;Ciclistas e Pedestre;Pedestre;-34.900453;-8.029636
8/12/2014;Moto e Ciclomotor;Ciclomotor;-34.892723;-8.028988
8/12/2014;Moto e Ciclomotor;Moto;-34.878639;-8.061171
8/12/2014;Moto e Ciclomotor;Moto;-34.919137;-8.022645
8/12/2014;Moto e Ciclomotor;Moto;-34.925837;-8.10922
8/12/2014;Moto e Ciclomotor;Moto;-34.915345;-8.080762
8/12/2014;Ciclistas e Pedestre;Ciclista;-34.908435;-8.093179
8/12/2014;Ciclistas e Pedestre;Ciclista;-34.912209;-8.059423
8/12/2014;Ciclistas e Pedestre;Pedestre;-34.89717;-8.063022
8/12/2014;Ciclistas e Pedestre;Pedestre;-34.904391;-8.079495
8/13/2014;Moto e Ciclomotor;Moto;-34.914633;-8.106758
8/13/2014;Moto e Ciclomotor;Moto;-34.88812;-8.104072
8/13/2014;Automóveis e outros;Táxi;-34.90953;-8.070617
8/14/2014;Moto e Ciclomotor;Moto;-34.90001;-8.055282
8/14/2014;Moto e Ciclomotor;Moto;-34.945246;-8.093179
8/14/2014;Moto e Ciclomotor;Moto;-34.917512;-8.140545
8/14/2014;Moto e Ciclomotor;Moto;-34.949382;-8.127221
8/14/2014;Moto e Ciclomotor;Moto;-34.897696;-8.050266
8/14/2014;Moto e Ciclomotor;Moto;-34.869653;-8.057708
8/14/2014;Ciclistas e Pedestre;Ciclista;-34.904914;-8.052322
8/14/2014;Automóveis e outros;Caminhão;-34.946217;-8.119069
8/15/2014;Moto e Ciclomotor;Ciclomotor;-34.90788;-8.08803
8/15/2014;Moto e Ciclomotor;Moto;-34.908763;-8.024582
8/15/2014;Moto e Ciclomotor;Moto;-34.925717;-8.06051
8/15/2014;Ciclistas e Pedestre;Ciclista;-34.892323;-8.052561
8/15/2014;Ciclistas e Pedestre;Pedestre;-34.91719;-8.021471
8/16/2014;Moto e Ciclomotor;Moto;-34.884167;-8.095824
8/16/2014;Moto e Ciclomotor;Moto;-34.890325;-8.007488
8/16/2014;Moto e Ciclomotor;Moto;-34.888848;-8.03592
8/16/2014;Ciclistas e Pedestre;Pedestre;-34.922699;-8.033442
8/16/2014;Ciclistas e Pedestre;Pedestre;-34.954194;-8.084702
8/16/2014;Automóveis e outros;Ônibus;-34.903682;-8.136432
8/16/2014;Automóveis e outros;Ônibus;-34.932052;-8.04444
8/16/2014;Automóveis e outros;Táxi;-34.886865;-8.006744
8/17/2014;Moto e Ciclomotor;Moto;-34.960602;-8.091793
8/17/2014;Moto e Ciclomotor;Moto;-34.940303;-8.115421
8/17/2014;Moto e Ciclomotor;Moto;-34.953907;-8.04692
8/17/2014;Moto e Ciclomotor;Moto;-34.921712;-8.020754
8/18/2014;Moto e Ciclomotor;Moto;-34.906574;-8.04739
8/18/2014;Moto e Ciclomotor;Moto;-34.895491;-8.119539
8/18/2014;Moto e Ciclomotor;Moto;-34.897556;-8.063797
8/18/2014;Moto e Ciclomotor;Moto;-34.922184;-8.052303
8/18/2014;Moto e Ciclomotor;Moto;-34.932379;-8.06256
8/18/2014;Moto e Ciclomotor;Moto;-34.880634;-8.052659
8/18/2014;Moto e Ciclomotor;Moto;-34.880041;-8.051852
8/18/2014;Moto e Ciclomotor;Moto;-34.950133;-8.111756
8/18/2014;Moto e Ciclomotor;Moto;-34.877056;-8.062857
8/18/2014;Moto e Ciclomotor;Moto;-34.957941;-8.02984
8/18/2014;Moto e Ciclomotor;Moto;-34.923163;-8.054104
8/18/2014;Ciclistas e Pedestre;Pedestre;-34.885996;-8.095569
8/18/2014;Automóveis e outros;Caminhão;-34.919684;-8.021084
8/19/2014;Moto e Ciclomotor;Ciclomotor;-34.922265;-8.108341
8/19/2014;Moto e Ciclomotor;Ciclomotor;-34.920044;-8.109892
8/19/2014;Moto e Ciclomotor;Moto;-34.907405;-8.139621
8/19/2014;Moto e Ciclomotor;Moto;-34.949607;-8.015126
8/19/2014;Moto e Ciclomotor;Moto;-34.912416;-8.080416
8/19/2014;Moto e Ciclomotor;Moto;-34.918714;-8.046923
8/20/2014;Moto e Ciclomotor;Moto;-34.890904;-8.006903
8/20/2014;Moto e Ciclomotor;Moto;-34.893058;-8.111613
8/20/2014;Moto e Ciclomotor;Moto;-34.887219;-8.040042
8/20/2014;Moto e Ciclomotor;Moto;-34.926428;-8.062671
8/20/2014;Moto e Ciclomotor;Moto;-34.886294;-8.059336
8/20/2014;Ciclistas e Pedestre;Ciclista;-34.954673;-8.031755
8/20/2014;Automóveis e outros;Táxi;-34.923177;-8.047948
8/21/2014;Moto e Ciclomotor;Moto;-34.919304;-8.051528
8/21/2014;Moto e Ciclomotor;Moto;-34.92043;-8.074914
8/22/2014;Moto e Ciclomotor;Moto;-34.900906;-8.029317
8/22/2014;Moto e Ciclomotor;Moto;-34.910946;-8.092127
8/22/2014;Moto e Ciclomotor;Moto;-34.929652;-8.073549
8/22/2014;Moto e Ciclomotor;Moto;-34.943572;-8.015833
8/22/2014;Moto e Ciclomotor;Moto;-34.951082;-8.090906
8/22/2014;Moto e Ciclomotor;Moto;-34.896344;-8.051966
8/22/2014;Moto e Ciclomotor;Moto;-34.925634;-8.140529
8/22/2014;Ciclistas e Pedestre;Pedestre;-34.902829;-8.061492
8/22/2014;Automóveis e outros;Ônibus;-34.872926;-8.066031
8/22/2014;Automóveis e outros;Táxi;-34.881581;-8.053945
8/23/2014;Moto e Ciclomotor;Moto;-34.913735;-8.016492
8/23/2014;Moto e Ciclomotor;Moto;-34.939519;-8.020412
8/23/2014;Moto e Ciclomotor;Moto;-34.883373;-8.058778
8/23/2014;Moto e Ciclomotor;Moto;-34.906708;-8.080273
8/23/2014;Moto e Ciclomotor;Moto;-34.937022;-8.110535
8/23/2014;Ciclistas e Pedestre;Ciclista;-34.930022;-8.088144
8/23/2014;Ciclistas e Pedestre;Pedestre;-34.911611;-8.024119
8/23/2014;Automóveis e outros;Acidente com morte;-34.890808;-8.082743
8/24/2014;Moto e Ciclomotor;Ciclomotor;-34.883118;-8.095901
8/24/2014;Moto e Ciclomotor;Ciclomotor;-34.917549;-8.069119
8/24/2014;Moto e Ciclomotor;Ciclomotor;-34.910699;-8.09098
8/24/2014;Moto e Ciclomotor;Moto;-34.907379;-8.086652
8/25/2014;Moto e Ciclomotor;Acidente com morte;-34.928546;-8.097916
8/25/2014;Moto e Ciclomotor;Ciclomotor;-34.907596;-8.143837
8/25/2014;Moto e Ciclomotor;Ciclomotor;-34.906729;-8.132383
8/25/2014;Moto e Ciclomotor;Moto;-34.954914;-8.031612
8/25/2014;Moto e Ciclomotor;Moto;-34.899093;-8.124895
8/25/2014;Moto e Ciclomotor;Moto;-34.928294;-8.084769
8/25/2014;Ciclistas e Pedestre;Pedestre;-34.883716;-8.015642
8/25/2014;Ciclistas e Pedestre;Pedestre;-34.898978;-8.003721
8/25/2014;Automóveis e outros;Táxi;-34.894059;-8.049754
8/26/2014;Moto e Ciclomotor;Moto;-34.891457;-8.03512
8/26/2014;Moto e Ciclomotor;Moto;-34.936341;-8.041446
8/26/2014;Moto e Ciclomotor;Moto;-34.940761;-8.019562
8/26/2014;Moto e Ciclomotor;Moto;-34.926519;-8.111337
8/26/2014;Moto e Ciclomotor;Moto;-34.911396;-8.042689
8/26/2014;Moto e Ciclomotor;Moto;-34.892986;-8.08979
8/26/2014;Moto e Ciclomotor;Moto;-34.900807;-8.13092
8/27/2014;Moto e Ciclomotor;Moto;-34.896325;-8.053576
8/27/2014;Moto e Ciclomotor;Moto;-34.956559;-8.049087
8/27/2014;Moto e Ciclomotor;Moto;-34.913849;-8.027469
8/27/2014;Moto e Ciclomotor;Moto;-34.881157;-8.070936
8/27/2014;Ciclistas e Pedestre;Pedestre;-34.898087;-8.056473
8/27/2014;Ciclistas e Pedestre;Pedestre;-34.894273;-8.019424
8/28/2014;Moto e Ciclomotor;Moto;-34.957965;-8.030109
8/28/2014;Moto e Ciclomotor;Moto;-34.890776;-8.045467
8/28/2014;Moto e Ciclomotor;Moto;-34.906853;-8.054518
8/28/2014;Moto e Ciclomotor;Moto;-34.900389;-8.029609
8/28/2014;Moto e Ciclomotor;Moto;-34.913118;-8.108562
8/28/2014;Moto e Ciclomotor;Moto;-34.913204;-8.107332
8/28/2014;Ciclistas e Pedestre;Pedestre;-34.957278;-8.015503
8/28/2014;Ciclistas e Pedestre;Pedestre;-34.918274;-8.023758
8/29/2014;Moto e Ciclomotor;Moto;-34.89165;-8.034122
8/29/2014;Moto e Ciclomotor;Moto;-34.884621;-8.071981
8/29/2014;Moto e Ciclomotor;Moto;-34.937983;-8.036273
8/29/2014;Moto e Ciclomotor;Moto;-34.894579;-8.117978
8/29/2014;Moto e Ciclomotor;Moto;-34.912067;-8.05915
8/29/2014;Moto e Ciclomotor;Moto;-34.907097;-8.022313
8/29/2014;Ciclistas e Pedestre;Pedestre;-34.935212;-8.042501
8/29/2014;Ciclistas e Pedestre;Pedestre;-34.88481;-8.089227
8/29/2014;Automóveis e outros;Táxi;-34.940681;-8.036597
8/30/2014;Moto e Ciclomotor;Acidente com morte;-34.902492;-8.007047
8/30/2014;Moto e Ciclomotor;Moto;-34.891076;-8.046604
8/30/2014;Moto e Ciclomotor;Moto;-34.881608;-8.054019
8/30/2014;Moto e Ciclomotor;Moto;-34.895153;-8.01714
8/30/2014;Moto e Ciclomotor;Moto;-34.935386;-8.04969
8/31/2014;Moto e Ciclomotor;Ciclomotor;-34.896435;-8.053387
8/31/2014;Moto e Ciclomotor;Ciclomotor;-34.915323;-8.107359
8/31/2014;Moto e Ciclomotor;Moto;-34.917651;-8.018032
9/1/2014;Moto e Ciclomotor;Moto;-34.886398;-8.100181
9/1/2014;Moto e Ciclomotor;Moto;-34.937993;-8.000651
9/1/2014;Moto e Ciclomotor;Moto;-34.892943;-8.02779
9/1/2014;Moto e Ciclomotor;Moto;-34.889794;-8.054157
9/1/2014;Ciclistas e pedestre;Pedestre;-34.901832;-8.061306
9/1/2014;Ciclistas e pedestre;Pedestre;-34.940343;-8.046493
9/2/2014;Moto e Ciclomotor;Moto;-34.906821;-8.035827
9/2/2014;Ciclistas e pedestre;Ciclista;-34.885116;-8.073323
9/2/2014;Ciclistas e pedestre;Pedestre;-34.929035;-8.093991
9/2/2014;Ciclistas e pedestre;Pedestre;-34.882576;-8.066033
9/2/2014;Ciclistas e pedestre;Pedestre;-34.95786;-8.029681
9/3/2014;Moto e Ciclomotor;Ciclomotor;-34.893729;-8.023997
9/3/2014;Moto e Ciclomotor;Ciclomotor;-34.890676;-8.007092
9/3/2014;Moto e Ciclomotor;Moto;-34.932964;-8.082589
9/4/2014;Moto e Ciclomotor;Moto;-34.893554;-8.117566
9/4/2014;Moto e Ciclomotor;Moto;-34.928906;-8.094602
9/4/2014;Moto e Ciclomotor;Moto;-34.922286;-8.046354
9/4/2014;Ciclistas e pedestre;Pedestre;-34.897744;-8.119552
9/5/2014;Moto e Ciclomotor;Moto;-34.928133;-8.099892
9/5/2014;Moto e Ciclomotor;Moto;-34.890041;-8.045085
9/5/2014;Moto e Ciclomotor;Moto;-34.911048;-8.092557
9/5/2014;Moto e Ciclomotor;Moto;-34.956865;-8.090815
9/5/2014;Ciclistas e pedestre;Ciclista;-34.877987;-8.041192
9/5/2014;Automóveis e outros;Táxi;-34.873824;-8.049972
9/6/2014;Moto e Ciclomotor;Moto;-34.896966;-8.053822
9/6/2014;Moto e Ciclomotor;Moto;-34.963163;-8.081803
9/6/2014;Moto e Ciclomotor;Moto;-34.878952;-8.039449
9/6/2014;Moto e Ciclomotor;Moto;-34.934345;-8.030993
9/6/2014;Ciclistas e pedestre;Pedestre;-34.886586;-8.043561
9/6/2014;Ciclistas e pedestre;Pedestre;-34.927007;-8.047289
9/6/2014;Automóveis e outros;Ônibus;-34.954011;-8.047204
9/6/2014;Automóveis e outros;Táxi;-34.907255;-8.114624
9/7/2014;Moto e Ciclomotor;Moto;-34.958067;-8.091139
9/7/2014;Moto e Ciclomotor;Moto;-34.876423;-8.062929
9/7/2014;Moto e Ciclomotor;Moto;-34.90586;-8.122972
9/7/2014;Moto e Ciclomotor;Moto;-34.901977;-8.031264
9/8/2014;Ciclistas e pedestre;Carroça;-34.878271;-8.062055
9/9/2014;Moto e Ciclomotor;Moto;-34.914138;-8.120992
9/9/2014;Moto e Ciclomotor;Ciclomotor;-34.934195;-8.063447
9/9/2014;Moto e Ciclomotor;Moto;-34.925226;-8.058842
9/9/2014;Moto e Ciclomotor;Moto;-34.912528;-8.023822
9/9/2014;Moto e Ciclomotor;Moto;-34.893168;-8.116977
9/9/2014;Moto e Ciclomotor;Moto;-34.918467;-8.056956
9/9/2014;Automóveis e outros;Táxi;-34.942692;-8.050269
9/10/2014;Moto e Ciclomotor;Acidente com morte;-34.916482;-8.133498
9/10/2014;Moto e Ciclomotor;Moto;-34.931298;-8.048118
9/10/2014;Moto e Ciclomotor;Moto;-34.907534;-8.035285
9/10/2014;Moto e Ciclomotor;Moto;-34.924056;-8.049637
9/10/2014;Moto e Ciclomotor;Moto;-34.894721;-8.049446
9/10/2014;Ciclistas e pedestre;Pedestre;-34.898415;-8.040937
9/10/2014;Automóveis e outros;Ônibus;-34.878821;-8.065675
9/10/2014;Automóveis e outros;Ônibus;-34.960041;-8.091649
9/11/2014;Moto e Ciclomotor;Moto;-34.929885;-8.085595
9/11/2014;Moto e Ciclomotor;Ciclomotor;-34.890143;-8.083513
9/11/2014;Moto e Ciclomotor;Moto;-34.91277;-8.023742
9/11/2014;Moto e Ciclomotor;Ciclomotor;-34.918215;-8.065497
9/11/2014;Moto e Ciclomotor;Moto;-34.880176;-8.036323
9/11/2014;Ciclistas e pedestre;Ciclista;-34.958947;-8.040703
9/11/2014;Automóveis e outros;Ônibus;-34.940783;-8.039646
9/11/2014;Automóveis e outros;Táxi;-34.913542;-8.116886
9/12/2014;Moto e Ciclomotor;Moto;-34.887876;-8.10169
9/12/2014;Moto e Ciclomotor;Moto;-34.923623;-8.11645
9/12/2014;Moto e Ciclomotor;Moto;-34.933519;-8.037388
9/12/2014;Moto e Ciclomotor;Ciclomotor;-34.919379;-8.080862
9/12/2014;Ciclistas e pedestre;Ciclista;-34.922568;-8.033588
9/12/2014;Ciclistas e pedestre;Ciclista;-34.896301;-8.053668
9/12/2014;Ciclistas e pedestre;Pedestre;-34.909235;-8.057073
9/12/2014;Automóveis e outros;Táxi;-34.909154;-8.047491
9/14/2014;Moto e Ciclomotor;Moto;-34.891484;-8.034998
9/14/2014;Ciclistas e pedestre;Pedestre;-34.889196;-8.011161
9/14/2014;Ciclistas e pedestre;Pedestre;-34.928992;-8.094262
9/14/2014;Automóveis e outros;Táxi;-34.940246;-8.046078
9/14/2014;Automóveis e outros;Táxi;-34.883724;-8.098195
9/14/2014;Automóveis e outros;Táxi;-34.916734;-8.10857
9/15/2014;Moto e Ciclomotor;Moto;-34.893654;-8.004781
9/15/2014;Moto e Ciclomotor;Moto;-34.904745;-8.053068
9/15/2014;Moto e Ciclomotor;Moto;-34.921514;-8.118958
9/15/2014;Moto e Ciclomotor;Ciclomotor;-34.909747;-8.110564
9/15/2014;Moto e Ciclomotor;Moto;-34.911681;-8.053918
9/15/2014;Ciclistas e pedestre;Ciclista;-34.886809;-8.032167
9/15/2014;Ciclistas e pedestre;Pedestre;-34.926336;-8.018051
9/16/2014;Moto e Ciclomotor;Moto;-34.893131;-8.026961
9/16/2014;Moto e Ciclomotor;Moto;-34.878899;-8.03955
9/16/2014;Moto e Ciclomotor;Moto;-34.889586;-8.027551
9/16/2014;Moto e Ciclomotor;Moto;-34.912327;-8.007246
9/16/2014;Moto e Ciclomotor;Moto;-34.926108;-8.018815
9/16/2014;Moto e Ciclomotor;Moto;-34.900076;-8.077805
9/16/2014;Moto e Ciclomotor;Moto;-34.902553;-8.007195
9/16/2014;Ciclistas e pedestre;Ciclista;-34.930623;-8.061832
9/17/2014;Moto e Ciclomotor;Moto;-34.888041;-8.043782
9/17/2014;Moto e Ciclomotor;Moto;-34.890564;-8.039104
9/17/2014;Moto e Ciclomotor;Moto;-34.918022;-8.030674
9/17/2014;Moto e Ciclomotor;Moto;-34.89268;-8.019997
9/17/2014;Moto e Ciclomotor;Moto;-34.912105;-8.14072
9/17/2014;Ciclistas e pedestre;Pedestre;-34.923606;-8.002096
9/17/2014;Automóveis e outros;Táxi;-34.899706;-8.047749
9/18/2014;Moto e Ciclomotor;Ciclomotor;-34.906306;-8.110391
9/18/2014;Moto e Ciclomotor;Moto;-34.892219;-8.039213
9/18/2014;Moto e Ciclomotor;Moto;-34.901687;-8.030828
9/18/2014;Moto e Ciclomotor;Moto;-34.886323;-8.073331
9/18/2014;Ciclistas e pedestre;Acidente com morte;-34.876834;-8.047461
9/18/2014;Ciclistas e pedestre;Ciclista;-34.909143;-8.076321
9/18/2014;Ciclistas e pedestre;Pedestre;-34.918119;-8.02402
9/18/2014;Automóveis e outros;Táxi;-34.896475;-8.033551
9/18/2014;Automóveis e outros;Táxi;-34.90012;-8.035072
9/19/2014;Moto e Ciclomotor;Moto;-34.947083;-8.092518
9/19/2014;Moto e Ciclomotor;Moto;-34.949682;-8.09144
9/19/2014;Moto e Ciclomotor;Moto;-34.891253;-8.082206
9/19/2014;Moto e Ciclomotor;Moto;-34.940187;-8.088372
9/19/2014;Ciclistas e pedestre;Ciclista;-34.88812;-8.04424
9/20/2014;Moto e Ciclomotor;Moto;-34.901298;-8.12747
9/20/2014;Moto e Ciclomotor;Ciclomotor;-34.951222;-8.088797
9/20/2014;Moto e Ciclomotor;Moto;-34.918636;-8.121159
9/20/2014;Moto e Ciclomotor;Moto;-34.897265;-8.024012
9/20/2014;Moto e Ciclomotor;Ciclomotor;-34.91071;-8.090967
9/20/2014;Moto e Ciclomotor;Moto;-34.909178;-8.076794
9/20/2014;Moto e Ciclomotor;Moto;-34.881613;-8.030621
9/20/2014;Moto e Ciclomotor;Moto;-34.95009;-8.127364
9/20/2014;Moto e Ciclomotor;Moto;-34.918384;-8.075079
9/20/2014;Ciclistas e pedestre;Pedestre;-34.89341;-8.025564
9/21/2014;Moto e Ciclomotor;Moto;-34.893356;-8.005209
9/21/2014;Moto e Ciclomotor;Moto;-34.939721;-8.082031
9/21/2014;Moto e Ciclomotor;Moto;-34.916566;-8.026668
9/21/2014;Moto e Ciclomotor;Moto;-34.912113;-8.036719
9/21/2014;Ciclistas e pedestre;Ciclista;-34.888563;-8.03938
9/21/2014;Ciclistas e pedestre;Ciclista;-34.89183;-8.077591
9/21/2014;Automóveis e outros;Táxi;-34.884467;-8.053775
9/21/2014;Automóveis e outros;Táxi;-34.904884;-8.141166
9/22/2014;Moto e Ciclomotor;Moto;-34.917708;-8.140627
9/22/2014;Moto e Ciclomotor;Moto;-34.931518;-8.087215
9/22/2014;Moto e Ciclomotor;Moto;-34.893124;-8.048604
9/22/2014;Moto e Ciclomotor;Moto;-34.928268;-8.067449
9/22/2014;Ciclistas e pedestre;Acidente com morte;-34.929314;-8.092085
9/22/2014;Ciclistas e pedestre;Pedestre;-34.918917;-8.051671
9/22/2014;Ciclistas e pedestre;Pedestre;-34.934764;-8.042934
9/22/2014;Ciclistas e pedestre;Pedestre;-34.897084;-8.065582
9/23/2014;Moto e Ciclomotor;Moto;-34.901832;-8.137077
9/23/2014;Moto e Ciclomotor;Moto;-34.896762;-8.124035
9/23/2014;Moto e Ciclomotor;Moto;-34.881281;-8.053615
9/23/2014;Moto e Ciclomotor;Moto;-34.911024;-8.104921
9/23/2014;Moto e Ciclomotor;Moto;-34.9145;-8.139095
9/23/2014;Moto e Ciclomotor;Ciclomotor;-34.92127;-8.106449
9/23/2014;Moto e Ciclomotor;Moto;-34.895282;-8.080256
9/23/2014;Moto e Ciclomotor;Ciclomotor;-34.908678;-8.080277
9/23/2014;Moto e Ciclomotor;Moto;-34.916931;-8.122334
9/23/2014;Ciclistas e pedestre;Pedestre;-34.935424;-8.042599
9/23/2014;Ciclistas e pedestre;Pedestre;-34.906126;-8.019952
9/23/2014;Ciclistas e pedestre;Pedestre;-34.933026;-8.069385
9/23/2014;Automóveis e outros;Ônibus;-34.877595;-8.048514
9/23/2014;Automóveis e outros;Táxi;-34.902453;-8.048738
9/24/2014;Moto e Ciclomotor;Moto;-34.910093;-8.0979
9/24/2014;Moto e Ciclomotor;Moto;-34.882595;-8.053432
9/24/2014;Moto e Ciclomotor;Moto;-34.911229;-8.038694
9/24/2014;Ciclistas e pedestre;Ciclista;-34.926049;-8.018478
9/24/2014;Ciclistas e pedestre;Pedestre;-34.896695;-8.123842
9/24/2014;Ciclistas e pedestre;Pedestre;-34.900403;-8.128323
9/24/2014;Ciclistas e pedestre;Pedestre;-34.927235;-8.106971
9/25/2014;Moto e Ciclomotor;Moto;-34.933873;-8.089554
9/25/2014;Moto e Ciclomotor;Moto;-34.889282;-8.045202
9/25/2014;Ciclistas e pedestre;Pedestre;-34.882823;-8.061487
9/25/2014;Automóveis e outros;Caminhão;-34.895935;-8.052315
9/25/2014;Automóveis e outros;Ônibus;-34.888658;-8.049575
9/26/2014;Moto e Ciclomotor;Moto;-34.921884;-8.050009
9/26/2014;Moto e Ciclomotor;Moto;-34.944648;-8.037476
9/26/2014;Moto e Ciclomotor;Moto;-34.885937;-8.086089
9/26/2014;Moto e Ciclomotor;Moto;-34.927889;-8.018707
9/26/2014;Moto e Ciclomotor;Moto;-34.913891;-7.991434
9/26/2014;Moto e Ciclomotor;Ciclomotor;-34.955926;-8.023169
9/26/2014;Moto e Ciclomotor;Moto;-34.911536;-8.080326
9/26/2014;Moto e Ciclomotor;Moto;-34.912805;-8.080472
9/26/2014;Ciclistas e pedestre;Pedestre;-34.897765;-8.116788
9/26/2014;Automóveis e outros;Táxi;-34.894059;-8.03665
9/26/2014;Automóveis e outros;Táxi;-34.903709;-8.136429
9/27/2014;Moto e Ciclomotor;Moto;-34.907244;-8.058985
9/27/2014;Ciclistas e pedestre;Pedestre;-34.906107;-8.025097
9/28/2014;Moto e Ciclomotor;Moto;-34.925666;-8.083778
9/28/2014;Moto e Ciclomotor;Ciclomotor;-34.925054;-8.058359
9/28/2014;Moto e Ciclomotor;Moto;-34.885017;-8.089006
9/28/2014;Moto e Ciclomotor;Ciclomotor;-34.904047;-8.061213
9/28/2014;Moto e Ciclomotor;Moto;-34.903621;-8.061304
9/28/2014;Moto e Ciclomotor;Moto;-34.881358;-8.032162
9/28/2014;Moto e Ciclomotor;Ciclomotor;-34.927192;-8.106953
9/28/2014;Automóveis e outros;Caminhão;-34.886543;-8.021421
9/29/2014;Moto e Ciclomotor;Moto;-34.898055;-8.055719
9/29/2014;Moto e Ciclomotor;Moto;-34.890548;-8.083967
9/29/2014;Moto e Ciclomotor;Moto;-34.909492;-8.07109
9/29/2014;Moto e Ciclomotor;Moto;-34.927152;-8.065752
9/29/2014;Moto e Ciclomotor;Moto;-34.934839;-8.051775
9/29/2014;Moto e Ciclomotor;Moto;-34.915219;-8.031378
9/29/2014;Ciclistas e pedestre;Pedestre;-34.905501;-8.078204
9/29/2014;Automóveis e outros;Táxi;-34.90185;-8.031065
9/30/2014;Moto e Ciclomotor;Moto;-34.897397;-8.04347
9/30/2014;Moto e Ciclomotor;Moto;-34.890059;-8.044883
9/30/2014;Moto e Ciclomotor;Moto;-34.897216;-8.066671
9/30/2014;Moto e Ciclomotor;Moto;-34.931009;-8.047512
9/30/2014;Moto e Ciclomotor;Moto;-34.932913;-8.046838
9/30/2014;Moto e Ciclomotor;Moto;-34.932967;-8.082639
9/30/2014;Moto e Ciclomotor;Moto;-34.91645;-8.048426
9/30/2014;Moto e Ciclomotor;Moto;-34.897693;-8.125192
9/30/2014;Moto e Ciclomotor;Moto;-34.919963;-8.053552
9/30/2014;Ciclistas e pedestre;Pedestre;-34.878863;-8.06593
9/30/2014;Ciclistas e pedestre;Pedestre;-34.931486;-8.01417
9/30/2014;Ciclistas e pedestre;Pedestre;-34.928171;-8.100585
10/1/2014;Motos e Ciclomotores;Moto;-34.872217;-8.036831
10/1/2014;Motos e Ciclomotores;Ciclomotor;-34.916654;-8.037877
10/1/2014;Motos e Ciclomotores;Moto;-34.935799;-8.009998
10/1/2014;Motos e Ciclomotores;Moto;-34.883267;-8.050176
10/1/2014;Motos e Ciclomotores;Moto;-34.910031;-8.03808
10/1/2014;Motos e Ciclomotores;Moto;-34.885095;-8.032183
10/1/2014;Motos e Ciclomotores;Moto;-34.90378;-8.125337
10/1/2014;Pedestres e ciclista;Pedestre;-34.907743;-8.073528
10/1/2014;Automóveis e outros;Caminhão;-34.894558;-8.019673
10/2/2014;Motos e Ciclomotores;Ciclomotor;-34.941603;-8.092913
10/2/2014;Motos e Ciclomotores;Moto;-34.897224;-8.065311
10/2/2014;Motos e Ciclomotores;Moto;-34.88885;-8.044203
10/2/2014;Motos e Ciclomotores;Moto;-34.913204;-8.027716
10/3/2014;Motos e Ciclomotores;Moto;-34.928654;-8.07041
10/3/2014;Motos e Ciclomotores;Moto;-34.907531;-8.086367
10/3/2014;Motos e Ciclomotores;Moto;-34.981542;-8.034998
10/4/2014;Motos e Ciclomotores;Moto;-34.913545;-8.134786
10/4/2014;Motos e Ciclomotores;Ciclomotor;-34.972722;-8.03741
10/4/2014;Pedestres e ciclista;Ciclista;-34.883228;-8.040761
10/4/2014;Automóveis e outros;Ônibus;-34.881216;-8.053414
10/4/2014;Automóveis e outros;Táxi;-34.918534;-8.121273
10/5/2014;Motos e Ciclomotores;Ciclomotor;-34.920071;-8.012991
10/5/2014;Motos e Ciclomotores;Moto;-34.888665;-8.049571
10/5/2014;Motos e Ciclomotores;Ciclomotor;-34.895314;-8.004521
10/6/2014;Motos e Ciclomotores;Moto;-34.890017;-8.044851
10/6/2014;Motos e Ciclomotores;Moto;-34.894659;-8.051363
10/6/2014;Motos e Ciclomotores;Moto;-34.908639;-8.091203
10/6/2014;Motos e Ciclomotores;Moto;-34.883531;-8.032474
10/6/2014;Motos e Ciclomotores;Moto;-34.886876;-8.03209
10/6/2014;Motos e Ciclomotores;Moto;-34.903986;-8.079277
10/6/2014;Pedestres e ciclista;Pedestre;-34.912673;-8.035537
10/6/2014;Pedestres e ciclista;Pedestre;-34.895158;-8.004478
10/6/2014;Automóveis e outros;Ônibus;-34.885567;-8.07346
10/7/2014;Motos e Ciclomotores;Moto;-34.877788;-8.046917
10/7/2014;Motos e Ciclomotores;Moto;-34.887965;-8.051422
10/7/2014;Motos e Ciclomotores;Moto;-34.897905;-8.124989
10/7/2014;Motos e Ciclomotores;Moto;-34.894617;-8.039354
10/7/2014;Motos e Ciclomotores;Moto;-34.920033;-8.014385
10/7/2014;Pedestres e ciclista;Pedestre;-34.913668;-8.026935
10/7/2014;Automóveis e outros;Táxi;-34.914376;-8.022742
10/8/2014;Motos e Ciclomotores;Moto;-34.878226;-8.049276
10/8/2014;Motos e Ciclomotores;Moto;-34.910278;-8.062209
10/8/2014;Motos e Ciclomotores;Moto;-34.921793;-8.051719
10/8/2014;Motos e Ciclomotores;Moto;-34.891005;-8.03731
10/8/2014;Motos e Ciclomotores;Moto;-34.906566;-8.05079
10/8/2014;Pedestres e ciclista;Carroça;-34.91457;-8.122707
10/8/2014;Pedestres e ciclista;Ciclista;-34.916659;-8.052967
10/8/2014;Pedestres e ciclista;Ciclista;-34.884971;-8.09175
10/8/2014;Pedestres e ciclista;Ciclista;-34.919558;-8.080886
10/8/2014;Automóveis e outros;Ônibus;-34.942746;-8.038329
10/9/2014;Motos e Ciclomotores;Moto;-34.905559;-8.061192
10/9/2014;Motos e Ciclomotores;Moto;-34.912287;-8.023896
10/9/2014;Motos e Ciclomotores;Moto;-34.926546;-8.111342
10/9/2014;Motos e Ciclomotores;Moto;-34.905163;-8.081293
10/9/2014;Motos e Ciclomotores;Moto;-34.877551;-8.032011
10/9/2014;Motos e Ciclomotores;Moto;-34.898844;-8.052428
10/9/2014;Motos e Ciclomotores;Moto;-34.892986;-8.079498
10/9/2014;Pedestres e ciclista;Pedestre;-34.887629;-8.04931
10/10/2014;Motos e Ciclomotores;Moto;-34.887946;-8.048535
10/10/2014;Motos e Ciclomotores;Moto;-34.924512;-8.068392
10/10/2014;Motos e Ciclomotores;Moto;-34.92231;-8.11345
10/10/2014;Motos e Ciclomotores;Moto;-34.908961;-8.143179
10/10/2014;Pedestres e ciclista;Ciclista;-34.898565;-8.056311
10/10/2014;Pedestres e ciclista;Pedestre;-34.887149;-8.05924
10/10/2014;Automóveis e outros;Acidente com morte;-34.916039;-8.075627
10/10/2014;Automóveis e outros;Ônibus;-34.888025;-8.10198
10/11/2014;Motos e Ciclomotores;Moto;-34.920248;-8.051013
10/11/2014;Motos e Ciclomotores;Moto;-34.895649;-8.065457
10/11/2014;Motos e Ciclomotores;Moto;-34.926631;-8.110949
10/11/2014;Motos e Ciclomotores;Moto;-34.906247;-8.134836
10/11/2014;Motos e Ciclomotores;Moto;-34.901773;-8.030834
10/11/2014;Motos e Ciclomotores;Moto;-34.910737;-8.140054
10/11/2014;Motos e Ciclomotores;Moto;-34.893812;-8.067284
10/11/2014;Motos e Ciclomotores;Moto;-34.92366;-8.001958
10/11/2014;Motos e Ciclomotores;Moto;-34.904509;-8.119074
10/11/2014;Pedestres e ciclista;Pedestre;-34.92642;-8.047611
10/11/2014;Pedestres e ciclista;Pedestre;-34.886795;-8.043237
10/11/2014;Pedestres e ciclista;Pedestre;-34.917963;-8.142186
10/11/2014;Automóveis e outros;Táxi;-34.889276;-8.011318
10/11/2014;Automóveis e outros;Táxi;-34.905066;-8.14499
10/11/2014;Automóveis e outros;Táxi;-34.890507;-8.074686
10/12/2014;Motos e Ciclomotores;Moto;-34.906;-8.146864
10/12/2014;Motos e Ciclomotores;Moto;-34.886473;-8.098086
10/12/2014;Motos e Ciclomotores;Moto;-34.925848;-8.106769
10/12/2014;Motos e Ciclomotores;Moto;-34.896886;-8.112872
10/12/2014;Motos e Ciclomotores;Moto;-34.908087;-8.122999
10/13/2014;Motos e Ciclomotores;Ciclomotor;-34.898688;-8.1237
10/13/2014;Motos e Ciclomotores;Ciclomotor;-34.896746;-8.117837
10/13/2014;Motos e Ciclomotores;Moto;-34.896427;-8.033715
10/13/2014;Motos e Ciclomotores;Moto;-34.952359;-8.085648
10/13/2014;Pedestres e ciclista;Pedestre;-34.890548;-8.109358
10/13/2014;Pedestres e ciclista;Pedestre;-34.931808;-8.044384
10/13/2014;Pedestres e ciclista;Pedestre;-34.908768;-8.057599
10/14/2014;Motos e Ciclomotores;Moto;-34.909787;-8.068312
10/15/2014;Motos e Ciclomotores;Moto;-34.896558;-8.119531
10/15/2014;Motos e Ciclomotores;Moto;-34.910425;-7.995121
10/15/2014;Motos e Ciclomotores;Moto;-34.931172;-8.015326
10/15/2014;Motos e Ciclomotores;Moto;-34.901075;-8.120338
10/15/2014;Motos e Ciclomotores;Ciclomotor;-34.900126;-8.055679
10/15/2014;Motos e Ciclomotores;Moto;-34.939678;-8.119266
10/16/2014;Motos e Ciclomotores;Moto;-34.91406;-8.054263
10/16/2014;Motos e Ciclomotores;Moto;-34.937594;-8.111451
10/16/2014;Motos e Ciclomotores;Moto;-34.929818;-8.061556
10/16/2014;Motos e Ciclomotores;Ciclomotor;-34.911961;-8.108963
10/16/2014;Motos e Ciclomotores;Moto;-34.92956;-8.04491
10/16/2014;Motos e Ciclomotores;Moto;-34.900973;-8.119523
10/16/2014;Motos e Ciclomotores;Moto;-34.897894;-8.026813
10/16/2014;Motos e Ciclomotores;Moto;-34.930054;-8.061729
10/16/2014;Motos e Ciclomotores;Moto;-34.944935;-8.072338
10/16/2014;Motos e Ciclomotores;Moto;-34.897025;-8.045462
10/16/2014;Motos e Ciclomotores;Moto;-34.902218;-8.031184
10/16/2014;Motos e Ciclomotores;Moto;-34.872939;-8.06393
10/16/2014;Motos e Ciclomotores;Ciclomotor;-34.910388;-8.080299
10/16/2014;Automóveis e outros;Táxi;-34.892795;-8.056523
10/16/2014;Automóveis e outros;Táxi;-34.894257;-8.08662
10/16/2014;Automóveis e outros;Táxi;-34.928155;-8.067712
10/17/2014;Motos e Ciclomotores;Ciclomotor;-34.926857;-8.047204
10/17/2014;Motos e Ciclomotores;Moto;-34.927361;-8.04696
10/17/2014;Motos e Ciclomotores;Ciclomotor;-34.882337;-8.070142
10/17/2014;Motos e Ciclomotores;Moto;-34.884625;-8.042502
10/17/2014;Motos e Ciclomotores;Moto;-34.896111;-8.054075
10/17/2014;Motos e Ciclomotores;Moto;-34.9127;-8.11131
10/17/2014;Motos e Ciclomotores;Moto;-34.957925;-8.029803
10/17/2014;Pedestres e ciclista;Ciclista;-34.918292;-8.073586
10/17/2014;Automóveis e outros;Táxi;-34.957734;-8.030085
10/17/2014;Automóveis e outros;Táxi;-34.944465;-8.118381
10/18/2014;Motos e Ciclomotores;Moto;-34.897438;-8.056521
10/18/2014;Motos e Ciclomotores;Ciclomotor;-34.896746;-8.124048
10/18/2014;Motos e Ciclomotores;Moto;-34.924228;-8.055384
10/18/2014;Motos e Ciclomotores;Moto;-34.914764;-8.106842
10/18/2014;Automóveis e outros;Táxi;-34.906568;-8.025599
10/19/2014;Motos e Ciclomotores;Moto;-34.908458;-8.091274
10/19/2014;Motos e Ciclomotores;Moto;-34.903819;-8.061205
10/19/2014;Motos e Ciclomotores;Moto;-34.875219;-8.067664
10/19/2014;Motos e Ciclomotores;Moto;-34.919082;-8.075041
10/19/2014;Pedestres e ciclista;Ciclista;-34.934587;-8.032446
10/20/2014;Motos e Ciclomotores;Moto;-34.943063;-8.093059
10/20/2014;Motos e Ciclomotores;Ciclomotor;-34.936963;-8.137045
10/20/2014;Pedestres e ciclista;Pedestre;-34.913247;-8.054072
10/20/2014;Automóveis e outros;Ônibus;-34.905133;-8.134106
10/21/2014;Motos e Ciclomotores;Moto;-34.948094;-8.035588
10/21/2014;Motos e Ciclomotores;Moto;-34.935054;-8.063657
10/21/2014;Motos e Ciclomotores;Moto;-34.928536;-8.070091
10/22/2014;Motos e Ciclomotores;Moto;-34.888535;-8.035714
10/22/2014;Automóveis e outros;Táxi;-34.898086;-8.056648
10/23/2014;Motos e Ciclomotores;Moto;-34.885886;-8.095213
10/23/2014;Motos e Ciclomotores;Moto;-34.892244;-8.038501
10/23/2014;Motos e Ciclomotores;Moto;-34.887184;-8.040119
10/23/2014;Pedestres e ciclista;Ciclista;-34.932519;-8.038711
10/23/2014;Pedestres e ciclista;Pedestre;-34.928724;-8.017777
10/23/2014;Pedestres e ciclista;Pedestre;-34.955851;-8.035952
10/23/2014;Automóveis e outros;Ônibus;-34.914164;-8.05417
10/23/2014;Automóveis e outros;Táxi;-34.885712;-8.088256
10/24/2014;Motos e Ciclomotores;Moto;-34.912579;-8.024045
10/24/2014;Motos e Ciclomotores;Moto;-34.888941;-8.109568
10/24/2014;Motos e Ciclomotores;Moto;-34.876946;-8.042227
10/24/2014;Motos e Ciclomotores;Moto;-34.932122;-8.061322
10/24/2014;Pedestres e ciclista;Ciclista;-34.889713;-8.085388
10/24/2014;Automóveis e outros;Táxi;-34.935316;-8.03673
10/25/2014;Motos e Ciclomotores;Ciclomotor;-34.878931;-8.039548
10/25/2014;Motos e Ciclomotores;Moto;-34.888018;-8.03963
10/25/2014;Pedestres e ciclista;Pedestre;-34.933039;-8.082708
10/26/2014;Motos e Ciclomotores;Moto;-34.900137;-8.021958
10/26/2014;Motos e Ciclomotores;Moto;-34.937693;-8.092303
10/26/2014;Motos e Ciclomotores;Ciclomotor;-34.928938;-8.053504
10/26/2014;Motos e Ciclomotores;Moto;-34.935815;-8.082615
10/26/2014;Motos e Ciclomotores;Moto;-34.907201;-8.114295
10/26/2014;Pedestres e ciclista;Pedestre;-34.894584;-8.019772
10/26/2014;Pedestres e ciclista;Pedestre;-34.935064;-8.054773
10/27/2014;Motos e Ciclomotores;Moto;-34.893081;-8.027044
10/27/2014;Motos e Ciclomotores;Moto;-34.896821;-8.048038
10/27/2014;Motos e Ciclomotores;Moto;-34.887581;-8.1008
10/27/2014;Motos e Ciclomotores;Moto;-34.96098;-8.091867
10/27/2014;Motos e Ciclomotores;Moto;-34.913379;-8.116897
10/27/2014;Motos e Ciclomotores;Moto;-34.912405;-8.114284
10/27/2014;Motos e Ciclomotores;Ciclomotor;-34.914036;-8.047273
10/27/2014;Motos e Ciclomotores;Moto;-34.890062;-8.025923
10/27/2014;Pedestres e ciclista;Pedestre;-34.900147;-8.055865
10/28/2014;Motos e Ciclomotores;Ciclomotor;-34.890196;-8.007631
10/28/2014;Motos e Ciclomotores;Moto;-34.93136;-8.04819
10/28/2014;Motos e Ciclomotores;Moto;-34.908138;-8.034833
10/28/2014;Motos e Ciclomotores;Moto;-34.895805;-8.055421
10/28/2014;Motos e Ciclomotores;Ciclomotor;-34.905911;-8.061386
10/28/2014;Pedestres e ciclista;Pedestre;-34.929788;-8.089121
10/28/2014;Pedestres e ciclista;Pedestre;-34.894794;-8.116148
10/28/2014;Automóveis e outros;Táxi;-34.929697;-8.089735
10/29/2014;Motos e Ciclomotores;Moto;-34.902749;-8.061439
10/29/2014;Motos e Ciclomotores;Moto;-34.901859;-8.028637
10/29/2014;Motos e Ciclomotores;Moto;-34.894783;-8.118304
10/29/2014;Motos e Ciclomotores;Ciclomotor;-34.932452;-8.062592
10/29/2014;Motos e Ciclomotores;Moto;-34.904238;-8.046336
10/29/2014;Motos e Ciclomotores;Ciclomotor;-34.897605;-8.06367
10/29/2014;Motos e Ciclomotores;Ciclomotor;-34.901419;-8.062427
10/29/2014;Automóveis e outros;Caminhão;-34.893305;-8.027798
10/30/2014;Motos e Ciclomotores;Moto;-34.891343;-8.035829
10/30/2014;Motos e Ciclomotores;Moto;-34.877389;-8.04722
10/30/2014;Motos e Ciclomotores;Moto;-34.924561;-8.115381
10/30/2014;Motos e Ciclomotores;Ciclomotor;-34.909691;-8.086429
10/30/2014;Motos e Ciclomotores;Moto;-34.892095;-8.07899
10/30/2014;Pedestres e ciclista;Pedestre;-34.956432;-8.030816
10/30/2014;Pedestres e ciclista;Pedestre;-34.909629;-8.125099
10/30/2014;Automóveis e outros;Táxi;-34.870477;-8.060887
10/31/2014;Motos e Ciclomotores;Moto;-34.883823;-8.041824
10/31/2014;Motos e Ciclomotores;Moto;-34.912271;-8.111469
10/31/2014;Motos e Ciclomotores;Ciclomotor;-34.925725;-8.060478
10/31/2014;Motos e Ciclomotores;Moto;-34.886935;-8.085265
10/31/2014;Pedestres e ciclista;Ciclista;-34.889402;-8.05105
10/31/2014;Pedestres e ciclista;Pedestre;-34.899045;-8.030571
10/31/2014;Automóveis e outros;Táxi;-34.90666;-8.122983
10/31/2014;Automóveis e outros;Ônibus;-34.906043;-8.0827
11/1/2014;Motocicletas;Moto;-34.954628;-8.031981
11/1/2014;Motocicletas;Moto;-34.915302;-8.127412
11/1/2014;Motocicletas;Moto;-34.931065;-8.086845
11/1/2014;Motocicletas;Moto;-34.882262;-8.055078
11/1/2014;Motocicletas;Moto;-34.89195;-8.036592
11/1/2014;Motocicletas;Moto;-34.909379;-8.071507
11/1/2014;Motocicletas;Moto;-34.878832;-8.039524
11/1/2014;Pedestres;Pedestre;-34.916128;-8.132202
11/1/2014;Automóveis e outros;Táxi;-34.906987;-8.114714
11/2/2014;Motocicletas;Moto;-34.895633;-8.117848
11/2/2014;Motocicletas;Moto;-34.887825;-8.086075
11/2/2014;Ciclomotores;Ciclomotor;-34.896052;-8.053252
11/2/2014;Pedestres;Pedestre;-34.928257;-8.060908
11/2/2014;Automóveis e outros;Táxi;-34.89555;-8.063582
11/2/2014;Automóveis e outros;Táxi;-34.889339;-8.104802
11/2/2014;Automóveis e outros;Táxi;-34.885207;-8.086936
11/3/2014;Ciclomotores;Ciclomotor;-34.885865;-8.095621
11/3/2014;Ciclomotores;Ciclomotor;-34.909755;-8.018882
11/3/2014;Pedestres;Pedestre;-34.907572;-8.061668
11/3/2014;Automóveis e outros;Táxi;-34.908481;-8.052513
11/4/2014;Motocicletas;Moto;-34.892162;-8.031699
11/4/2014;Motocicletas;Moto;-34.940633;-8.039518
11/4/2014;Motocicletas;Moto;-34.886865;-8.006749
11/4/2014;Motocicletas;Moto;-34.888005;-8.101913
11/4/2014;Motocicletas;Moto;-34.908513;-8.052718
11/4/2014;Ciclistas;Ciclista;-34.887526;-8.086402
11/5/2014;Motocicletas;Moto;-34.879387;-8.050941
11/5/2014;Motocicletas;Moto;-34.929088;-8.094095
11/5/2014;Motocicletas;Moto;-34.933836;-8.079544
11/5/2014;Motocicletas;Acidente com morte;-34.87813;-8.054044
11/6/2014;Motocicletas;Moto;-34.88999;-8.111857
11/6/2014;Motocicletas;Moto;-34.926398;-8.109329
11/6/2014;Motocicletas;Moto;-34.911348;-8.05387
11/6/2014;Automóveis e outros;Táxi;-34.908441;-8.052315
11/6/2014;Automóveis e outros;Táxi;-34.955664;-8.084787
11/7/2014;Motocicletas;Moto;-34.91023;-8.062201
11/7/2014;Motocicletas;Moto;-34.890816;-8.045717
11/7/2014;Motocicletas;Moto;-34.892516;-8.067895
11/7/2014;Motocicletas;Moto;-34.906842;-8.054088
11/7/2014;Ciclomotores;Ciclomotor;-34.923708;-8.055538
11/7/2014;Ciclistas;Ciclista;-34.919168;-8.048433
11/7/2014;Pedestres;Pedestre;-34.933192;-8.079285
11/7/2014;Pedestres;Pedestre;-34.90721;-8.058746
11/8/2014;Motocicletas;Moto;-34.929791;-8.039184
11/8/2014;Motocicletas;Moto;-34.926025;-8.10559
11/8/2014;Pedestres;Pedestre;-34.897419;-8.002622
11/9/2014;Motocicletas;Moto;-34.876217;-8.0318
11/9/2014;Motocicletas;Moto;-34.897921;-8.026781
11/9/2014;Motocicletas;Moto;-34.946496;-8.091888
11/9/2014;Ciclistas;Ciclista;-34.879895;-8.055055
11/10/2014;Motocicletas;Moto;-34.913124;-8.014377
11/10/2014;Motocicletas;Moto;-34.873829;-8.049961
11/10/2014;Motocicletas;Moto;-34.909959;-8.036379
11/10/2014;Automóveis e outros;Táxi;-34.895465;-8.066035
11/11/2014;Motocicletas;Moto;-34.891615;-8.078709
11/11/2014;Motocicletas;Moto;-34.904554;-8.026842
11/11/2014;Motocicletas;Moto;-34.911831;-8.09602
11/11/2014;Motocicletas;Moto;-34.912394;-8.108708
11/11/2014;Ciclomotores;Ciclomotor;-34.910592;-8.102707
11/12/2014;Motocicletas;Moto;-34.903092;-8.061429
11/12/2014;Motocicletas;Moto;-34.894035;-8.019198
11/12/2014;Motocicletas;Moto;-34.891505;-8.088064
11/12/2014;Motocicletas;Moto;-34.919958;-8.111342
11/12/2014;Ciclomotores;Ciclomotor;-34.880817;-8.034658
11/12/2014;Pedestres;Pedestre;-34.886959;-8.05924
11/12/2014;Pedestres;Pedestre;-34.893741;-8.04524
11/13/2014;Motocicletas;Moto;-34.894989;-8.061267
11/13/2014;Motocicletas;Moto;-34.943773;-8.058474
11/13/2014;Motocicletas;Moto;-34.872877;-8.062229
11/13/2014;Motocicletas;Moto;-34.941024;-8.040751
11/13/2014;Motocicletas;Moto;-34.897961;-8.113403
11/13/2014;Pedestres;Pedestre;-34.895641;-8.118586
11/14/2014;Motocicletas;Moto;-34.897546;-8.064015
11/14/2014;Motocicletas;Moto;-34.892498;-8.030095
11/14/2014;Motocicletas;Moto;-34.943379;-8.040623
11/14/2014;Pedestres;Pedestre;-34.885277;-8.060103
11/14/2014;Pedestres;Pedestre;-34.878443;-8.063813
11/15/2014;Motocicletas;Moto;-34.949739;-8.126807
11/15/2014;Motocicletas;Moto;-34.93081;-8.021501
11/15/2014;Ciclomotores;Ciclomotor;-34.893509;-8.079338
11/15/2014;Ciclomotores;Ciclomotor;-34.952818;-8.046378
11/15/2014;Pedestres;Pedestre;-34.946579;-8.126671
11/16/2014;Motocicletas;Moto;-34.951466;-8.088503
11/16/2014;Motocicletas;Moto;-34.918311;-8.073544
11/16/2014;Pedestres;Pedestre;-34.913711;-8.02753
11/16/2014;Automóveis e outros;Táxi;-34.949458;-8.034697
11/16/2014;Automóveis e outros;Táxi;-34.955511;-8.084854
11/17/2014;Motocicletas;Moto;-34.903462;-8.061344
11/17/2014;Motocicletas;Moto;-34.885293;-8.097783
11/17/2014;Motocicletas;Moto;-34.947119;-8.092453
11/17/2014;Motocicletas;Moto;-34.949241;-8.091657
11/17/2014;Motocicletas;Moto;-34.906567;-8.025582
11/17/2014;Motocicletas;Moto;-34.901665;-8.061653
11/17/2014;Motocicletas;Moto;-34.895303;-8.071483
11/17/2014;Motocicletas;Moto;-34.887541;-8.049524
11/17/2014;Motocicletas;Moto;-34.909225;-8.047288
11/17/2014;Automóveis e outros;Táxi;-34.88135;-8.032167
11/18/2014;Motocicletas;Moto;-34.926642;-8.047305
11/18/2014;Motocicletas;Moto;-34.90423;-8.039611
11/18/2014;Motocicletas;Moto;-34.888671;-8.053514
11/19/2014;Motocicletas;Moto;-34.944087;-8.049156
11/19/2014;Motocicletas;Moto;-34.914122;-8.080687
11/19/2014;Motocicletas;Moto;-34.904597;-8.064666
11/19/2014;Ciclomotores;Ciclomotor;-34.909798;-8.097162
11/20/2014;Motocicletas;Moto;-34.901384;-8.127951
11/20/2014;Motocicletas;Moto;-34.897395;-8.05063
11/20/2014;Motocicletas;Moto;-34.879972;-8.036821
11/20/2014;Motocicletas;Moto;-34.965599;-8.039508
11/20/2014;Ciclistas;Ciclista;-34.908307;-8.114125
11/20/2014;Automóveis e outros;Táxi;-34.930537;-8.023365
11/21/2014;Motocicletas;Moto;-34.892055;-8.032191
11/21/2014;Motocicletas;Moto;-34.892693;-8.048784
11/21/2014;Motocicletas;Moto;-34.921699;-8.020815
11/21/2014;Motocicletas;Moto;-34.915715;-8.047571
11/21/2014;Ciclomotores;Ciclomotor;-34.904305;-8.05821
11/21/2014;Pedestres;Pedestre;-34.927211;-8.047082
11/21/2014;Pedestres;Pedestre;-34.917445;-8.052558
11/22/2014;Motocicletas;Moto;-34.949548;-8.091501
11/22/2014;Motocicletas;Moto;-34.928825;-8.096041
11/22/2014;Motocicletas;Moto;-34.89717;-8.023867
11/22/2014;Ciclomotores;Ciclomotor;-34.905045;-8.026499
11/22/2014;Ciclomotores;Ciclomotor;-34.909433;-8.080321
11/22/2014;Pedestres;Pedestre;-34.927504;-8.046908
11/23/2014;Motocicletas;Moto;-34.88683;-8.085159
11/23/2014;Motocicletas;Moto;-34.885052;-8.037487
11/23/2014;Motocicletas;Moto;-34.934512;-8.031933
11/23/2014;Motocicletas;Moto;-34.90689;-8.080249
11/23/2014;Motocicletas;Moto;-34.902394;-8.136214
11/24/2014;Motocicletas;Moto;-34.928756;-8.096132
11/24/2014;Motocicletas;Moto;-34.880178;-8.062257
11/24/2014;Motocicletas;Moto;-34.933046;-8.051213
11/24/2014;Motocicletas;Moto;-34.908065;-8.043037
11/24/2014;Motocicletas;Moto;-34.888152;-8.040767
11/24/2014;Motocicletas;Moto;-34.924593;-8.107072
11/24/2014;Motocicletas;Moto;-34.956956;-8.026876
11/24/2014;Ciclistas;Ciclista;-34.877575;-8.03855
11/24/2014;Pedestres;Pedestre;-34.897503;-8.118904
11/24/2014;Automóveis e outros;Táxi;-34.897857;-8.026605
11/25/2014;Motocicletas;Moto;-34.926265;-8.0285
11/25/2014;Motocicletas;Moto;-34.918612;-8.121347
11/25/2014;Motocicletas;Moto;-34.897183;-8.062074
11/25/2014;Ciclomotores;Ciclomotor;-34.940879;-8.039396
11/25/2014;Ciclomotores;Ciclomotor;-34.895541;-8.115757
11/26/2014;Motocicletas;Moto;-34.921052;-8.05046
11/26/2014;Pedestres;Pedestre;-34.871432;-8.062726
11/27/2014;Motocicletas;Moto;-34.890529;-8.074696
11/27/2014;Motocicletas;Moto;-34.919843;-8.036801
11/27/2014;Motocicletas;Moto;-34.902057;-8.124372
11/27/2014;Motocicletas;Moto;-34.890969;-8.085871
11/27/2014;Ciclistas;Ciclista;-34.89632;-8.053599
11/27/2014;Pedestres;Pedestre;-34.90081;-8.119586
11/28/2014;Motocicletas;Moto;-34.893182;-8.117011
11/28/2014;Motocicletas;Moto;-34.885105;-8.097226
11/28/2014;Motocicletas;Moto;-34.920205;-8.035643
11/28/2014;Motocicletas;Moto;-34.882744;-8.087108
11/28/2014;Motocicletas;Moto;-34.890057;-8.025923
11/28/2014;Motocicletas;Moto;-34.890384;-8.029745
11/28/2014;Motocicletas;Moto;-34.908548;-8.052885
11/28/2014;Pedestres;Pedestre;-34.92658;-8.047515
11/29/2014;Motocicletas;Moto;-34.894147;-8.115376
11/29/2014;Motocicletas;Moto;-34.880004;-8.045223
11/29/2014;Motocicletas;Moto;-34.887249;-8.00812
11/29/2014;Motocicletas;Moto;-34.97077;-8.079752
11/29/2014;Motocicletas;Moto;-34.924848;-8.083144
11/29/2014;Ciclomotores;Ciclomotor;-34.894595;-8.019695
11/29/2014;Automóveis e outros;Táxi;-34.910812;-8.140226
11/30/2014;Motocicletas;Moto;-34.928241;-8.011291
11/30/2014;Motocicletas;Moto;-34.913682;-8.109717
11/30/2014;Ciclomotores;Ciclomotor;-34.889956;-8.049053
12/1/2014;Motocicletas;Moto;-34.900394;-8.128331
12/1/2014;Motocicletas;Moto;-34.943352;-8.119844
12/1/2014;Motocicletas;Moto;-34.956812;-8.090789
12/1/2014;Motocicletas;Moto;-34.871013;-8.054014
12/1/2014;Motocicletas;Moto;-34.929818;-8.088537
12/1/2014;Automóveis;Táxi;-34.92801;-8.101684
12/2/2014;Motocicletas;Moto;-34.945691;-8.135309
12/2/2014;Motocicletas;Moto;-34.888831;-8.085021
12/2/2014;Motocicletas;Moto;-34.929711;-8.014484
12/2/2014;Motocicletas;Moto;-34.935976;-8.138458
12/2/2014;Motocicletas;Moto;-34.947064;-8.042913
12/2/2014;Motocicletas;Moto;-34.88031;-8.032077
12/2/2014;Automóveis;Táxi;-34.899064;-8.121634
12/3/2014;Motocicletas;Moto;-34.956425;-8.030781
12/3/2014;Motocicletas;Moto;-34.881589;-8.053963
12/3/2014;Motocicletas;Moto;-34.905565;-8.060387
12/3/2014;Motocicletas;Moto;-34.925457;-8.109175
12/3/2014;Motocicletas;Moto;-34.910088;-8.036576
12/3/2014;Automóveis;Táxi;-34.88499;-8.089028
12/4/2014;Motocicletas;Moto;-34.934581;-8.090268
12/4/2014;Motocicletas;Moto;-34.933055;-8.051199
12/4/2014;Motocicletas;Moto;-34.911501;-8.14205
12/4/2014;Motocicletas;Moto;-34.900493;-8.030523
12/4/2014;Ciclomotores;Ciclomotor;-34.929029;-8.021873
12/5/2014;Motocicletas;Moto;-34.945396;-8.037038
12/5/2014;Motocicletas;Moto;-34.887428;-8.102558
12/5/2014;Motocicletas;Moto;-34.930692;-8.086434
12/5/2014;Motocicletas;Moto;-34.881066;-8.04057
12/5/2014;Motocicletas;Moto;-34.894917;-8.051621
12/5/2014;Motocicletas;Moto;-34.911388;-8.061583
12/5/2014;Automóveis;Táxi;-34.89651;-8.117433
12/5/2014;Pedestres;Pedestre;-34.909371;-8.06213
12/5/2014;Pedestres;Pedestre;-34.909201;-8.077025
12/6/2014;Motocicletas;Moto;-34.916611;-8.053018
12/6/2014;Motocicletas;Moto;-34.889034;-8.057996
12/6/2014;Automóveis;Táxi;-34.897524;-8.119096
12/6/2014;Automóveis;Táxi;-34.907352;-8.114932
12/6/2014;Pedestres;Pedestre;-34.918467;-8.01382
12/7/2014;Motocicletas;Moto;-34.908907;-8.15065
12/7/2014;Motocicletas;Moto;-34.886747;-8.040419
12/7/2014;Motocicletas;Moto;-34.90917;-8.077017
12/7/2014;Motocicletas;Moto;-34.902867;-8.128851
12/7/2014;Outros;Ônibus;-34.88802;-8.085847
12/7/2014;Ciclomotores;Ciclomotor;-34.931341;-8.048144
12/8/2014;Motocicletas;Moto;-34.924319;-8.060889
12/8/2014;Motocicletas;Moto;-34.908077;-8.126479
12/8/2014;Motocicletas;Moto;-34.964113;-8.038557
12/8/2014;Motocicletas;Moto;-34.906327;-8.081826
12/8/2014;Ciclomotores;Ciclomotor;-34.921192;-8.045818
12/8/2014;Automóveis;Táxi;-34.916013;-8.131321
12/8/2014;Automóveis;Táxi;-34.914666;-8.080698
12/9/2014;Motocicletas;Moto;-34.897264;-8.077771
12/9/2014;Outros;Ônibus;-34.891342;-8.037659
12/9/2014;Pedestres;Pedestre;-34.898153;-8.057465
12/9/2014;Pedestres;Pedestre;-34.889225;-8.044973
12/9/2014;Pedestres;Pedestre;-34.90615;-8.025838
12/9/2014;Pedestres;Pedestre;-34.906874;-8.030163
12/10/2014;Motocicletas;Moto;-34.902838;-8.0615
12/10/2014;Motocicletas;Moto;-34.888394;-8.085451
12/10/2014;Motocicletas;Moto;-34.903586;-8.045483
12/10/2014;Motocicletas;Moto;-34.882091;-8.050115
12/11/2014;Motocicletas;Moto;-34.89195;-8.016987
12/11/2014;Motocicletas;Moto;-34.878043;-8.049039
12/11/2014;Motocicletas;Moto;-34.882328;-8.07015
12/11/2014;Motocicletas;Moto;-34.897814;-8.077976
12/11/2014;Motocicletas;Moto;-34.898275;-8.043954
12/11/2014;Motocicletas;Moto;-34.905383;-8.07834
12/11/2014;Motocicletas;Moto;-34.881248;-8.048962
12/12/2014;Motocicletas;Moto;-34.9007;-8.067576
12/12/2014;Motocicletas;Moto;-34.964461;-8.093774
12/12/2014;Motocicletas;Moto;-34.922552;-8.081672
12/12/2014;Ciclomotores;Ciclomotor;-34.885405;-8.072934
12/12/2014;Pedestres;Pedestre;-34.87078;-8.038977
12/13/2014;Motocicletas;Moto;-34.958898;-8.029192
12/13/2014;Motocicletas;Moto;-34.90781;-8.087892
12/13/2014;Motocicletas;Moto;-34.884985;-8.073329
12/13/2014;Motocicletas;Moto;-34.88918;-8.03614
12/13/2014;Motocicletas;Moto;-34.883788;-8.060109
12/13/2014;Motocicletas;Moto;-34.900185;-8.124705
12/13/2014;Motocicletas;Moto;-34.922305;-8.055899
12/13/2014;Outros;Caminhão;-34.879996;-8.062937
12/13/2014;Ciclomotores;Ciclomotor;-34.905587;-8.033836
12/13/2014;Pedestres;Pedestre;-34.897326;-8.062422
12/13/2014;Pedestres;Pedestre;-34.938664;-8.119977
12/14/2014;Motocicletas;Moto;-34.925736;-8.060491
12/14/2014;Motocicletas;Moto;-34.957775;-8.030217
12/14/2014;Motocicletas;Moto;-34.942612;-8.118769
12/14/2014;Motocicletas;Moto;-34.915983;-8.131806
12/14/2014;Motocicletas;Moto;-34.889861;-8.027593
12/14/2014;Motocicletas;Moto;-34.908103;-8.071144
12/14/2014;Motocicletas;Moto;-34.903994;-8.058443
12/14/2014;Motocicletas;Moto;-34.955704;-8.022467
12/14/2014;Ciclomotores;Ciclomotor;-34.931738;-8.02192
12/14/2014;Ciclomotores;Ciclomotor;-34.878278;-8.062679
12/14/2014;Automóveis;Táxi;-34.91355;-8.134794
